-- phpMyAdmin SQL Dump
-- version 5.2.2
-- https://www.phpmyadmin.net/
--
-- Host: localhost:3306
-- Generation Time: Oct 24, 2025 at 03:09 PM
-- Server version: 8.0.44
-- PHP Version: 8.4.13

SET SQL_MODE = "NO_AUTO_VALUE_ON_ZERO";
START TRANSACTION;
SET time_zone = "+00:00";


/*!40101 SET @OLD_CHARACTER_SET_CLIENT=@@CHARACTER_SET_CLIENT */;
/*!40101 SET @OLD_CHARACTER_SET_RESULTS=@@CHARACTER_SET_RESULTS */;
/*!40101 SET @OLD_COLLATION_CONNECTION=@@COLLATION_CONNECTION */;
/*!40101 SET NAMES utf8mb4 */;

--
-- Database: `huss_stockdb4`
--

-- --------------------------------------------------------

--
-- Table structure for table `cache`
--

CREATE TABLE `cache` (
  `key` varchar(255) COLLATE utf8mb4_unicode_ci NOT NULL,
  `value` mediumtext COLLATE utf8mb4_unicode_ci NOT NULL,
  `expiration` int NOT NULL
) ENGINE=InnoDB DEFAULT CHARSET=utf8mb4 COLLATE=utf8mb4_unicode_ci;

--
-- Dumping data for table `cache`
--

INSERT INTO `cache` (`key`, `value`, `expiration`) VALUES
('laravel-cache-livewire-rate-limiter:26fab3286b39673ceecf6f284e55799ffc42bc9e', 'i:1;', 1761056641),
('laravel-cache-livewire-rate-limiter:26fab3286b39673ceecf6f284e55799ffc42bc9e:timer', 'i:1761056641;', 1761056641),
('laravel-cache-livewire-rate-limiter:4047f467de66954079477ee6ef0f98b46e4fc4c1', 'i:1;', 1759964536),
('laravel-cache-livewire-rate-limiter:4047f467de66954079477ee6ef0f98b46e4fc4c1:timer', 'i:1759964536;', 1759964536),
('laravel-cache-livewire-rate-limiter:5d19f3cfc99ffb81d915a486597af6fce0daae29', 'i:4;', 1760603093),
('laravel-cache-livewire-rate-limiter:5d19f3cfc99ffb81d915a486597af6fce0daae29:timer', 'i:1760603093;', 1760603093),
('laravel-cache-livewire-rate-limiter:87aeb6cd992202f9d6330f9e90d4e32895305c4f', 'i:1;', 1760391651),
('laravel-cache-livewire-rate-limiter:87aeb6cd992202f9d6330f9e90d4e32895305c4f:timer', 'i:1760391651;', 1760391651),
('laravel-cache-livewire-rate-limiter:8b51845b405f523d4912d9a4c84ba4baf9d98528', 'i:1;', 1761231548),
('laravel-cache-livewire-rate-limiter:8b51845b405f523d4912d9a4c84ba4baf9d98528:timer', 'i:1761231548;', 1761231548),
('laravel-cache-livewire-rate-limiter:8bba3eb225ab3591fbdff991a3fd0be124ca3065', 'i:1;', 1760290906),
('laravel-cache-livewire-rate-limiter:8bba3eb225ab3591fbdff991a3fd0be124ca3065:timer', 'i:1760290906;', 1760290906),
('laravel-cache-livewire-rate-limiter:8f65b84126ba5049273d1cf6841f8ca71b33810a', 'i:1;', 1760426406),
('laravel-cache-livewire-rate-limiter:8f65b84126ba5049273d1cf6841f8ca71b33810a:timer', 'i:1760426406;', 1760426406),
('laravel-cache-livewire-rate-limiter:9bf46ddeb1e291e9c704b53f076f0c660f68d900', 'i:1;', 1760443691),
('laravel-cache-livewire-rate-limiter:9bf46ddeb1e291e9c704b53f076f0c660f68d900:timer', 'i:1760443691;', 1760443691),
('laravel-cache-livewire-rate-limiter:e70c49fdb12312d21a1ea5b34bd1c4f53c394d03', 'i:1;', 1760890590),
('laravel-cache-livewire-rate-limiter:e70c49fdb12312d21a1ea5b34bd1c4f53c394d03:timer', 'i:1760890590;', 1760890590),
('laravel-cache-login|kareem|156.197.106.203', 'i:3;', 1760603094),
('laravel-cache-login|kareem|156.197.106.203:timer', 'i:1760603094;', 1760603094);

-- --------------------------------------------------------

--
-- Table structure for table `cache_locks`
--

CREATE TABLE `cache_locks` (
  `key` varchar(255) COLLATE utf8mb4_unicode_ci NOT NULL,
  `owner` varchar(255) COLLATE utf8mb4_unicode_ci NOT NULL,
  `expiration` int NOT NULL
) ENGINE=InnoDB DEFAULT CHARSET=utf8mb4 COLLATE=utf8mb4_unicode_ci;

-- --------------------------------------------------------

--
-- Table structure for table `customers`
--

CREATE TABLE `customers` (
  `id` bigint UNSIGNED NOT NULL,
  `name` varchar(255) COLLATE utf8mb4_unicode_ci NOT NULL,
  `phone` varchar(255) COLLATE utf8mb4_unicode_ci DEFAULT NULL,
  `phone2` varchar(255) COLLATE utf8mb4_unicode_ci DEFAULT NULL,
  `address` text COLLATE utf8mb4_unicode_ci,
  `city` text COLLATE utf8mb4_unicode_ci,
  `governorate` text COLLATE utf8mb4_unicode_ci,
  `status` enum('enabled','disabled') COLLATE utf8mb4_unicode_ci NOT NULL DEFAULT 'enabled',
  `created_at` timestamp NULL DEFAULT NULL,
  `updated_at` timestamp NULL DEFAULT NULL
) ENGINE=InnoDB DEFAULT CHARSET=utf8mb4 COLLATE=utf8mb4_unicode_ci;

--
-- Dumping data for table `customers`
--

INSERT INTO `customers` (`id`, `name`, `phone`, `phone2`, `address`, `city`, `governorate`, `status`, `created_at`, `updated_at`) VALUES
(1, 'ا/ربيع ', '0104985390', NULL, 'سمبخت اجا', 'المنصوره', 'ال', 'enabled', '2025-09-15 09:28:23', '2025-09-21 14:03:04'),
(2, 'ا/مصطفي الستاموني ', '01060796979', NULL, 'بلقاس الستامون ', 'المنصوره', 'الدقهلية', 'enabled', '2025-09-15 09:35:29', '2025-09-21 14:01:48'),
(3, 'مصنع العدوي', '01226982564', NULL, 'بلقاس', 'المنصوره', 'الدقهلية', 'enabled', '2025-09-15 09:38:04', '2025-09-15 09:38:04'),
(4, 'ا/السيد المصلي', '01001991508', '01028688763', 'شربين', 'المنصوره', 'الدقهلية', 'enabled', '2025-09-15 09:41:28', '2025-09-21 14:00:58'),
(5, 'ا/مصطفي حسني', '01007703435', NULL, 'بلقاس', 'المنصوره', 'الدقهلية', 'enabled', '2025-09-21 14:12:13', '2025-09-21 14:12:13'),
(6, 'ا/مصطفي البلقاوي', '01097240021', NULL, 'بلقاس', 'المنصوره', 'الدقهلية', 'enabled', '2025-09-21 14:20:07', '2025-09-21 14:20:07'),
(7, 'ا/ابو عمر', '01003011699', NULL, 'بلقاس', 'المنصوره', 'الدقهلية', 'enabled', '2025-09-21 14:32:07', '2025-09-21 14:32:07'),
(8, 'شركه العملاق', '01065382720', '01008751919', 'بلقاس', 'المنصوره', 'الدقهلية', 'enabled', '2025-09-21 14:34:37', '2025-09-21 14:34:37'),
(9, 'ا/اشرف علي ', '01003051928', NULL, 'بلقاس', 'المنصوره', 'الدقهلية', 'enabled', '2025-09-21 15:00:30', '2025-09-21 15:00:30'),
(10, 'ا/احمد مسعد', '01004686372', NULL, 'بلقاس', 'المنصوره', 'الدقهلية', 'enabled', '2025-09-22 16:09:30', '2025-09-22 16:09:30'),
(11, 'ا/سيد صقر', '01010081034', NULL, 'بلقاس', 'المنصوره', 'الدقهلية', 'enabled', '2025-09-22 16:11:45', '2025-09-22 16:11:45'),
(12, 'ا/عبد الحميد', '01006709031', NULL, 'بلقاس', 'المنصوره', 'الدقهلية', 'enabled', '2025-09-22 16:13:20', '2025-09-22 16:13:20'),
(13, 'ا/محمد حسن', '01063233977', NULL, 'بلقاس', 'المنصوره', 'الدقهلية', 'enabled', '2025-09-22 16:15:01', '2025-09-22 16:15:01'),
(14, 'ا/محمد عادل', '01009906753', NULL, 'بلقاس', 'المنصوره', 'الدقهلية', 'enabled', '2025-09-22 16:16:22', '2025-09-22 16:16:22'),
(15, 'ا/معرض المتحده', '01022919265', NULL, 'بلقاس', 'المنصوره', 'الدقهلية', 'enabled', '2025-09-22 16:18:41', '2025-09-22 16:18:41'),
(16, 'ا/رامي', '01092427996', NULL, 'شربين', 'المنصوره', 'الدقهلية', 'enabled', '2025-09-22 16:20:38', '2025-09-22 16:20:38'),
(17, 'ا/عبد الرحمن العيسوي', '01151719912', NULL, 'شربين', 'المنصوره', 'الدقهلية', 'enabled', '2025-09-22 16:24:45', '2025-09-22 16:24:45'),
(18, 'ا/وليد', '01062095727', NULL, 'دمياط الرضه', 'الروضه', 'دمياط', 'enabled', '2025-09-22 16:29:09', '2025-09-22 16:29:09'),
(19, 'ا/علاء', '01558800828', '01016404122', 'دمياط..قريه الاسماعيليه', 'قريه الاسماعيليه', 'دمياط', 'enabled', '2025-09-22 16:35:33', '2025-09-22 16:35:33'),
(20, 'ا/ خالد ابوسيف', '01012638025', NULL, 'جديله ', 'المنصوره ', 'الدقهليه ', 'enabled', '2025-10-23 06:45:38', '2025-10-23 06:45:38'),
(21, 'ا/ محمد الزهيري ', '01090925217', NULL, 'نبره بيلا', 'المنصوره', 'الدقهليه ', 'enabled', '2025-10-23 07:27:07', '2025-10-23 07:27:07'),
(22, 'محمد سمك ', '01090308533', NULL, 'قناه السويس\n', 'المنصوره', 'الدقهليه ', 'enabled', '2025-10-23 11:32:02', '2025-10-23 11:45:46');

-- --------------------------------------------------------

--
-- Table structure for table `customer_wallets`
--

CREATE TABLE `customer_wallets` (
  `id` bigint UNSIGNED NOT NULL,
  `customer_id` bigint UNSIGNED NOT NULL,
  `type` enum('debit','invoice','credit') COLLATE utf8mb4_unicode_ci NOT NULL,
  `amount` decimal(10,2) NOT NULL,
  `invoice_id` bigint UNSIGNED DEFAULT NULL,
  `invoice_number` varchar(255) COLLATE utf8mb4_unicode_ci DEFAULT NULL,
  `notes` text COLLATE utf8mb4_unicode_ci,
  `created_at` timestamp NULL DEFAULT NULL,
  `updated_at` timestamp NULL DEFAULT NULL
) ENGINE=InnoDB DEFAULT CHARSET=utf8mb4 COLLATE=utf8mb4_unicode_ci;

-- --------------------------------------------------------

--
-- Table structure for table `failed_jobs`
--

CREATE TABLE `failed_jobs` (
  `id` bigint UNSIGNED NOT NULL,
  `uuid` varchar(255) COLLATE utf8mb4_unicode_ci NOT NULL,
  `connection` text COLLATE utf8mb4_unicode_ci NOT NULL,
  `queue` text COLLATE utf8mb4_unicode_ci NOT NULL,
  `payload` longtext COLLATE utf8mb4_unicode_ci NOT NULL,
  `exception` longtext COLLATE utf8mb4_unicode_ci NOT NULL,
  `failed_at` timestamp NOT NULL DEFAULT CURRENT_TIMESTAMP
) ENGINE=InnoDB DEFAULT CHARSET=utf8mb4 COLLATE=utf8mb4_unicode_ci;

-- --------------------------------------------------------

--
-- Table structure for table `invoices`
--

CREATE TABLE `invoices` (
  `id` bigint UNSIGNED NOT NULL,
  `invoice_number` varchar(255) COLLATE utf8mb4_unicode_ci NOT NULL,
  `customer_id` bigint UNSIGNED NOT NULL,
  `total_amount` decimal(10,2) NOT NULL DEFAULT '0.00',
  `status` enum('pending','paid','cancelled') COLLATE utf8mb4_unicode_ci NOT NULL DEFAULT 'pending',
  `price_type` enum('wholesale','retail') COLLATE utf8mb4_unicode_ci NOT NULL DEFAULT 'wholesale' COMMENT 'جملة وقطاعي',
  `notes` text COLLATE utf8mb4_unicode_ci,
  `created_at` timestamp NULL DEFAULT NULL,
  `updated_at` timestamp NULL DEFAULT NULL
) ENGINE=InnoDB DEFAULT CHARSET=utf8mb4 COLLATE=utf8mb4_unicode_ci;

--
-- Dumping data for table `invoices`
--

INSERT INTO `invoices` (`id`, `invoice_number`, `customer_id`, `total_amount`, `status`, `price_type`, `notes`, `created_at`, `updated_at`) VALUES
(2, 'INV-713012', 21, 5850.00, 'paid', 'wholesale', NULL, '2025-10-23 11:27:11', '2025-10-23 11:57:52'),
(3, 'INV-736496', 20, 16625.00, 'paid', 'wholesale', NULL, '2025-10-23 12:12:01', '2025-10-23 11:56:09'),
(6, 'INV-042198', 22, 6310.00, 'pending', 'wholesale', NULL, '2025-10-23 15:12:51', '2025-10-23 12:16:13'),
(7, 'INV-136095', 2, 1185.00, 'pending', 'wholesale', NULL, '2025-10-23 15:30:18', '2025-10-23 12:30:34'),
(8, 'INV-539877', 4, 520.00, 'pending', 'wholesale', NULL, '2025-10-23 15:30:55', '2025-10-23 12:31:05'),
(9, 'INV-775462', 3, 1985.00, 'pending', 'wholesale', NULL, '2025-10-23 16:43:56', '2025-10-23 12:44:42'),
(10, 'INV-876609', 10, 620.00, 'pending', 'wholesale', NULL, '2025-10-23 15:45:30', '2025-10-23 12:45:40'),
(11, 'INV-530821', 1, 2295.00, 'pending', 'wholesale', NULL, '2025-10-23 16:47:02', '2025-10-23 12:47:37');

-- --------------------------------------------------------

--
-- Table structure for table `invoice_items`
--

CREATE TABLE `invoice_items` (
  `id` bigint UNSIGNED NOT NULL,
  `invoice_id` bigint UNSIGNED DEFAULT NULL,
  `product_id` bigint UNSIGNED DEFAULT NULL,
  `quantity` int NOT NULL,
  `cost_price` decimal(10,2) DEFAULT NULL COMMENT 'سعر المصنع وقت البيع',
  `wholesale_price` decimal(10,2) DEFAULT NULL COMMENT 'سعر الجملة وقت البيع',
  `retail_price` decimal(10,2) DEFAULT NULL COMMENT 'سعر القطاعي وقت البيع',
  `discount` decimal(5,2) DEFAULT NULL COMMENT 'قيمة الخصم وقت البيع',
  `subtotal` decimal(10,2) NOT NULL,
  `created_at` timestamp NULL DEFAULT NULL,
  `updated_at` timestamp NULL DEFAULT NULL
) ENGINE=InnoDB DEFAULT CHARSET=utf8mb4 COLLATE=utf8mb4_unicode_ci;

--
-- Dumping data for table `invoice_items`
--

INSERT INTO `invoice_items` (`id`, `invoice_id`, `product_id`, `quantity`, `cost_price`, `wholesale_price`, `retail_price`, `discount`, `subtotal`, `created_at`, `updated_at`) VALUES
(4, 2, 147, 10, 350.00, 355.00, NULL, 0.00, 3550.00, '2025-10-23 07:29:37', '2025-10-23 07:29:37'),
(5, 2, 148, 10, 225.00, 230.00, NULL, 0.00, 2300.00, '2025-10-23 07:29:37', '2025-10-23 07:29:37'),
(6, 3, 131, 20, 270.00, 275.00, NULL, 0.00, 5500.00, '2025-10-23 08:16:49', '2025-10-23 08:16:49'),
(7, 3, 132, 20, 170.00, 175.00, NULL, 0.00, 3500.00, '2025-10-23 08:16:49', '2025-10-23 08:16:49'),
(8, 3, 128, 20, 130.00, 135.00, NULL, 0.00, 2700.00, '2025-10-23 08:16:49', '2025-10-23 08:16:49'),
(9, 3, 134, 10, 175.00, 180.00, NULL, 0.00, 1800.00, '2025-10-23 08:16:49', '2025-10-23 08:16:49'),
(10, 3, 135, 15, 155.00, 165.00, NULL, 0.00, 2475.00, '2025-10-23 08:16:49', '2025-10-23 08:16:49'),
(11, 3, 137, 5, 115.00, 130.00, NULL, 0.00, 650.00, '2025-10-23 08:16:49', '2025-10-23 08:16:49'),
(24, 6, 112, 1, 270.00, 280.00, NULL, 0.00, 280.00, '2025-10-23 12:16:13', '2025-10-23 12:16:13'),
(25, 6, 111, 1, 440.00, 440.00, NULL, 0.00, 440.00, '2025-10-23 12:16:13', '2025-10-23 12:16:13'),
(26, 6, 167, 2, 290.00, 320.00, NULL, 0.00, 640.00, '2025-10-23 12:16:13', '2025-10-23 12:16:13'),
(27, 6, 146, 5, 108.00, 110.00, NULL, 0.00, 550.00, '2025-10-23 12:16:13', '2025-10-23 12:16:13'),
(28, 6, 131, 10, 272.50, 275.00, NULL, 0.00, 2750.00, '2025-10-23 12:16:13', '2025-10-23 12:16:13'),
(29, 6, 180, 1, 812.50, 825.00, NULL, 0.00, 825.00, '2025-10-23 12:16:13', '2025-10-23 12:16:13'),
(30, 6, 181, 1, 812.50, 825.00, NULL, 0.00, 825.00, '2025-10-23 12:16:13', '2025-10-23 12:16:13'),
(31, 7, 2, 3, 390.00, 395.00, NULL, 0.00, 1185.00, '2025-10-23 12:30:34', '2025-10-23 12:30:34'),
(32, 8, 4, 1, 515.00, 520.00, NULL, 0.00, 520.00, '2025-10-23 12:31:05', '2025-10-23 12:31:05'),
(33, 9, 1, 2, 350.00, 355.00, NULL, 0.00, 710.00, '2025-10-23 12:44:42', '2025-10-23 12:44:42'),
(34, 9, 3, 5, 250.00, 255.00, NULL, 0.00, 1275.00, '2025-10-23 12:44:42', '2025-10-23 12:44:43'),
(35, 10, 5, 1, 610.00, 620.00, NULL, 0.00, 620.00, '2025-10-23 12:45:40', '2025-10-23 12:45:40'),
(36, 11, 2, 5, 390.00, 395.00, NULL, 0.00, 1975.00, '2025-10-23 12:47:37', '2025-10-23 12:47:37'),
(37, 11, 10, 1, 320.00, 320.00, NULL, 0.00, 320.00, '2025-10-23 12:47:37', '2025-10-23 12:47:37');

-- --------------------------------------------------------

--
-- Table structure for table `jobs`
--

CREATE TABLE `jobs` (
  `id` bigint UNSIGNED NOT NULL,
  `queue` varchar(255) COLLATE utf8mb4_unicode_ci NOT NULL,
  `payload` longtext COLLATE utf8mb4_unicode_ci NOT NULL,
  `attempts` tinyint UNSIGNED NOT NULL,
  `reserved_at` int UNSIGNED DEFAULT NULL,
  `available_at` int UNSIGNED NOT NULL,
  `created_at` int UNSIGNED NOT NULL
) ENGINE=InnoDB DEFAULT CHARSET=utf8mb4 COLLATE=utf8mb4_unicode_ci;

-- --------------------------------------------------------

--
-- Table structure for table `job_batches`
--

CREATE TABLE `job_batches` (
  `id` varchar(255) COLLATE utf8mb4_unicode_ci NOT NULL,
  `name` varchar(255) COLLATE utf8mb4_unicode_ci NOT NULL,
  `total_jobs` int NOT NULL,
  `pending_jobs` int NOT NULL,
  `failed_jobs` int NOT NULL,
  `failed_job_ids` longtext COLLATE utf8mb4_unicode_ci NOT NULL,
  `options` mediumtext COLLATE utf8mb4_unicode_ci,
  `cancelled_at` int DEFAULT NULL,
  `created_at` int NOT NULL,
  `finished_at` int DEFAULT NULL
) ENGINE=InnoDB DEFAULT CHARSET=utf8mb4 COLLATE=utf8mb4_unicode_ci;

-- --------------------------------------------------------

--
-- Table structure for table `migrations`
--

CREATE TABLE `migrations` (
  `id` int UNSIGNED NOT NULL,
  `migration` varchar(255) COLLATE utf8mb4_unicode_ci NOT NULL,
  `batch` int NOT NULL
) ENGINE=InnoDB DEFAULT CHARSET=utf8mb4 COLLATE=utf8mb4_unicode_ci;

--
-- Dumping data for table `migrations`
--

INSERT INTO `migrations` (`id`, `migration`, `batch`) VALUES
(1, '0001_01_01_000000_create_users_table', 1),
(2, '0001_01_01_000001_create_cache_table', 1),
(3, '0001_01_01_000002_create_jobs_table', 1),
(4, '2025_07_27_215659_create_suppliers_table', 1),
(5, '2025_07_29_113115_create_products_table', 1),
(6, '2025_07_29_113634_create_customers_table', 1),
(7, '2025_07_29_113800_create_invoices_table', 1),
(8, '2025_07_29_113844_create_invoice_items_table', 1),
(9, '2025_07_31_192845_create_customer_wallets_table', 1),
(10, '2025_08_11_140947_create_outsourced_productions_table', 1),
(11, '2025_08_27_215710_create_supplier_invoices_table', 1),
(12, '2025_08_27_215722_create_supplier_invoice_items_table', 1),
(13, '2025_08_27_215732_create_supplier_wallets_table', 1),
(14, '2025_08_29_161037_create_return_invoices_table', 1),
(15, '2025_08_29_161221_create_return_invoice_items_table', 1),
(16, '2025_10_03_142119_create_stock_movements_table', 1);

-- --------------------------------------------------------

--
-- Table structure for table `outsourced_productions`
--

CREATE TABLE `outsourced_productions` (
  `id` bigint UNSIGNED NOT NULL,
  `product_name` varchar(255) COLLATE utf8mb4_unicode_ci NOT NULL,
  `factory_name` varchar(255) COLLATE utf8mb4_unicode_ci NOT NULL,
  `quantity` int NOT NULL,
  `size` varchar(255) COLLATE utf8mb4_unicode_ci DEFAULT NULL,
  `total_cost` decimal(10,2) DEFAULT NULL,
  `start_date` date DEFAULT NULL,
  `actual_delivery_date` date DEFAULT NULL,
  `status` enum('in_progress','completed','canceled') COLLATE utf8mb4_unicode_ci NOT NULL DEFAULT 'in_progress',
  `notes` text COLLATE utf8mb4_unicode_ci,
  `created_at` timestamp NULL DEFAULT NULL,
  `updated_at` timestamp NULL DEFAULT NULL
) ENGINE=InnoDB DEFAULT CHARSET=utf8mb4 COLLATE=utf8mb4_unicode_ci;

-- --------------------------------------------------------

--
-- Table structure for table `password_reset_tokens`
--

CREATE TABLE `password_reset_tokens` (
  `email` varchar(255) COLLATE utf8mb4_unicode_ci NOT NULL,
  `token` varchar(255) COLLATE utf8mb4_unicode_ci NOT NULL,
  `created_at` timestamp NULL DEFAULT NULL
) ENGINE=InnoDB DEFAULT CHARSET=utf8mb4 COLLATE=utf8mb4_unicode_ci;

-- --------------------------------------------------------

--
-- Table structure for table `products`
--

CREATE TABLE `products` (
  `id` bigint UNSIGNED NOT NULL,
  `name` varchar(255) COLLATE utf8mb4_unicode_ci NOT NULL,
  `description` text COLLATE utf8mb4_unicode_ci,
  `cost_price` decimal(10,2) NOT NULL COMMENT 'سعر المصنع',
  `wholesale_price` decimal(10,2) DEFAULT NULL COMMENT 'سعر الجملة',
  `retail_price` decimal(10,2) DEFAULT NULL COMMENT 'سعر القطاعي',
  `discount` tinyint UNSIGNED NOT NULL DEFAULT '0',
  `stock_quantity` int NOT NULL DEFAULT '0',
  `supplier_id` bigint UNSIGNED DEFAULT NULL,
  `unit` varchar(255) COLLATE utf8mb4_unicode_ci DEFAULT NULL,
  `created_at` timestamp NULL DEFAULT NULL,
  `updated_at` timestamp NULL DEFAULT NULL
) ENGINE=InnoDB DEFAULT CHARSET=utf8mb4 COLLATE=utf8mb4_unicode_ci;

--
-- Dumping data for table `products`
--

INSERT INTO `products` (`id`, `name`, `description`, `cost_price`, `wholesale_price`, `retail_price`, `discount`, `stock_quantity`, `supplier_id`, `unit`, `created_at`, `updated_at`) VALUES
(1, 'كوب 7 اونز', NULL, 350.00, 355.00, 360.00, 0, 188, 1, 'كرتونه', '2025-10-19 17:32:11', '2025-10-23 12:44:42'),
(2, 'كوب 9 اونز ', NULL, 390.00, 395.00, 400.00, 0, 32, 1, 'كرتونه', '2025-10-19 17:33:38', '2025-10-23 12:47:37'),
(3, 'كوب 4 اونز', NULL, 250.00, 255.00, 260.00, 0, 24, 1, 'كرتونه', '2025-10-19 17:38:49', '2025-10-23 12:44:43'),
(4, 'كوب 8 اونز ', NULL, 515.00, 520.00, 525.00, 0, 9, 1, 'كرتونه', '2025-10-19 17:33:51', '2025-10-23 12:31:05'),
(5, 'كوب 12 اونز', NULL, 610.00, 620.00, 625.00, 0, 24, 1, 'كرتونه', '2025-10-19 17:31:52', '2025-10-23 12:45:40'),
(6, 'شوربه 520', NULL, 720.00, 740.00, 750.00, 0, 15, 1, 'كرتونه', '2025-10-19 17:31:31', '2025-10-19 13:31:49'),
(7, 'شوربه 390', NULL, 650.00, 660.00, 670.00, 0, 20, 1, 'كرتونه', '2025-10-19 17:30:55', '2025-10-19 13:31:16'),
(8, 'شوبه 260', NULL, 600.00, 610.00, 620.00, 0, 10, 1, 'كرتونه', '2025-10-19 17:32:41', '2025-10-19 13:32:57'),
(9, 'ايس 1/2 بوله ', NULL, 275.00, 280.00, 285.00, 0, 20, 1, 'كرتونه ', '2025-10-18 13:41:53', '2025-10-18 09:45:39'),
(10, 'ايس 1 بوله', NULL, 320.00, 320.00, 330.00, 0, 4, 1, 'كرتونه', '2025-10-19 17:18:02', '2025-10-23 12:47:37'),
(11, 'ايس 2 بوله', NULL, 475.00, 480.00, 490.00, 0, 5, 1, 'كرتونه', '2025-10-19 17:20:37', '2025-10-19 13:21:56'),
(12, 'كوب فيشار', NULL, 950.00, 970.00, 980.00, 0, 10, 1, 'كرتونه', '2025-10-19 17:22:11', '2025-10-19 13:23:23'),
(13, 'غطاء كوب 12', NULL, 235.00, 235.00, 240.00, 0, 50, 1, 'كرتونه', '2025-10-19 17:23:17', '2025-10-19 13:24:28'),
(14, 'غطاء كوب 8', NULL, 225.00, 225.00, 230.00, 0, 0, 1, 'كرتونه', '2025-10-19 17:24:22', '2025-10-19 13:25:16'),
(15, 'ايس 1/2 بوله ', NULL, 255.00, 260.00, 270.00, 0, 25, 2, 'كرتونه', '2025-10-19 17:27:27', '2025-10-19 13:28:56'),
(16, 'ايس 1 بوله ', NULL, 275.00, 280.00, 290.00, 0, 10, 2, 'كرتونه', '2025-10-19 17:29:06', '2025-10-19 13:30:15'),
(17, 'ايس 2 بوله ', NULL, 440.00, 450.00, 460.00, 0, 5, 2, 'كرتونه', '2025-10-19 18:08:31', '2025-10-19 14:11:05'),
(18, 'باكت بطاطس 12', NULL, 620.00, 630.00, 640.00, 0, 5, 2, 'كرتونه', '2025-10-19 18:11:02', '2025-10-19 14:12:46'),
(19, 'باكت بطاطس 16', NULL, 720.00, 730.00, 740.00, 0, 5, 2, 'كرتونه', '2025-10-19 18:12:43', '2025-10-19 14:14:14'),
(20, 'كوب فيشار وسط', NULL, 925.00, 940.00, 950.00, 0, 5, 2, 'كرتونه ', '2025-10-19 18:14:09', '2025-10-19 14:15:25'),
(21, 'كوب فيشار كبير', NULL, 950.00, 970.00, 980.00, 0, 5, 2, 'كرتونه', '2025-10-19 18:15:18', '2025-10-19 14:16:28'),
(22, 'غطاء شوربه 95', NULL, 370.00, 380.00, 390.00, 0, 50, NULL, 'كرتونه', '2025-10-19 18:21:42', '2025-10-19 14:25:11'),
(23, 'غطاء شوربه 390', NULL, 415.00, 425.00, 430.00, 0, 100, NULL, 'كرتونه', '2025-10-19 18:25:09', '2025-10-19 14:26:07'),
(24, 'غطاء شوربه 520', NULL, 420.00, 435.00, 440.00, 0, 100, NULL, 'كرتونه', '2025-10-19 18:26:05', '2025-10-19 14:27:18'),
(25, 'غطاء كشري 145', NULL, 430.00, 440.00, 450.00, 0, 50, NULL, 'كرتونه', '2025-10-19 18:27:12', '2025-10-19 14:28:27'),
(26, 'طبق 230', NULL, 789.00, 795.00, 810.00, 0, 5, 5, 'كرتونه', '2025-10-20 11:03:24', '2025-10-20 07:05:38'),
(27, 'طبق 420', NULL, 1225.00, 1235.00, 1250.00, 0, 10, 5, 'كرتونه', '2025-10-20 11:05:33', '2025-10-20 07:08:16'),
(28, 'طبق 600', NULL, 979.00, 990.00, 1000.00, 0, 15, 5, 'كرتونه', '2025-10-20 11:08:11', '2025-10-20 07:09:21'),
(29, 'طبق حله 630', NULL, 1169.00, 1180.00, 1190.00, 0, 15, 5, 'كرتونه', '2025-10-20 11:34:44', '2025-10-20 07:35:06'),
(30, 'طبق حله 685', NULL, 1330.00, 1340.00, 1350.00, 0, 10, 5, 'كرتونه', '2025-10-20 11:10:34', '2025-10-20 07:12:46'),
(31, 'طبق 824', NULL, 1302.00, 1315.00, 1330.00, 0, 10, 5, 'كرتونه', '2025-10-20 11:12:54', '2025-10-20 07:17:34'),
(33, 'طبق 1035', NULL, 1591.00, 1610.00, 1620.00, 0, 20, 5, 'كرتونه', '2025-10-20 11:18:20', '2025-10-20 07:26:15'),
(34, 'طبق 1850', NULL, 1349.00, 1365.00, 1380.00, 0, 10, 5, 'كرتونه', '2025-10-20 11:26:21', '2025-10-20 07:28:08'),
(35, 'طبق 1980', NULL, 1392.00, 1405.00, 1420.00, 0, 10, 5, 'كرتونه', '2025-10-20 11:28:10', '2025-10-20 07:29:47'),
(36, 'طبق 3241', NULL, 1743.00, 1760.00, 1760.00, 0, 10, 5, 'كرتونه', '2025-10-20 11:29:46', '2025-10-20 07:32:03'),
(38, 'طبق 3587', NULL, 1335.00, 1350.00, 1360.00, 0, 50, 5, 'كرتونه', '2025-10-20 11:32:12', '2025-10-20 07:33:19'),
(39, 'طبق 1630', NULL, 665.00, 670.00, 700.00, 0, 10, 5, 'كرتونه', '2025-10-20 11:33:13', '2025-10-20 07:34:31'),
(40, 'غطاء طبق 250', NULL, 105.00, 105.00, 110.00, 0, 10, 5, 'كرتونه', '2025-10-20 11:42:05', '2025-10-20 07:42:26'),
(41, 'غطاء طبق 420', NULL, 150.00, 160.00, 170.00, 0, 10, 5, 'كرتونه', '2025-10-20 11:41:51', '2025-10-20 07:42:10'),
(42, 'غطاء طبق 600', NULL, 185.00, 195.00, 200.00, 0, 10, 5, 'كرتونه', '2025-10-20 11:40:03', '2025-10-20 07:41:46'),
(43, 'غطاء طبق 685', NULL, 240.00, 245.00, 250.00, 0, 10, 5, 'كرونه ', '2025-10-20 11:42:27', '2025-10-20 07:45:16'),
(44, 'غطاء طبق 824', NULL, 195.00, 200.00, 210.00, 0, 10, 5, 'كرتونه', '2025-10-20 11:55:50', '2025-10-20 07:56:13'),
(45, 'غطاء طبق 1035', NULL, 205.00, 215.00, 220.00, 0, 10, 5, 'كرتونه', '2025-10-20 11:46:43', '2025-10-20 07:47:54'),
(46, 'غطاء طبق 1850', NULL, 190.00, 200.00, 205.00, 0, 10, 5, 'كرتونه', '2025-10-20 11:47:48', '2025-10-20 07:49:12'),
(47, 'غطاء طبق 1980', NULL, 215.00, 225.00, 230.00, 0, 10, 5, 'كرتونه', '2025-10-20 11:49:10', '2025-10-20 07:50:19'),
(48, 'غطاء طبق 3241', NULL, 215.00, 225.00, 230.00, 0, 10, 5, 'كرتونه', '2025-10-20 11:50:15', '2025-10-20 07:52:28'),
(49, 'غطاء طبق 2400', NULL, 195.00, 205.00, 210.00, 0, 10, 5, 'كرتونه', '2025-10-20 11:52:25', '2025-10-20 07:53:42'),
(50, 'طبق 300/44', NULL, 700.00, 710.00, 720.00, 0, 10, 6, 'كرتونه', '2025-10-20 11:58:14', '2025-10-20 07:59:27'),
(51, 'مكرويف 1 عين بالغطاء ', NULL, 704.00, 704.00, 710.00, 0, 10, 7, 'كرتونه', '2025-10-20 12:01:30', '2025-10-20 08:03:06'),
(52, 'مكرويف 2 عين بالغطاء ', NULL, 704.00, 704.00, 710.00, 0, 10, 7, 'كرتونه', '2025-10-20 12:03:03', '2025-10-20 08:04:05'),
(53, 'مكرويف 3 عين بالغطاء ', NULL, 704.00, 704.00, 710.00, 0, 10, 7, 'كروته ', '2025-10-20 12:03:59', '2025-10-20 08:06:01'),
(54, 'سلطه 80 cc', NULL, 339.00, 345.00, 360.00, 0, 10, 7, 'كرتونه', '2025-10-20 12:05:58', '2025-10-20 08:08:15'),
(55, 'سلطه 100 cc', NULL, 343.50, 350.00, 370.00, 0, 10, 7, 'كرتونه', '2025-10-20 12:08:10', '2025-10-20 08:09:47'),
(56, 'سلطه 120 cc', NULL, 352.00, 360.00, 370.00, 0, 10, 7, 'كرتونه', '2025-10-20 12:09:40', '2025-10-20 08:11:40'),
(57, 'صوص 1.5 اونز بالغطاء ', NULL, 414.00, 425.00, 435.00, 0, 10, 7, 'كرتونه', '2025-10-20 12:42:26', '2025-10-20 08:45:24'),
(58, 'صوص 2 اونز بالغطاء ', NULL, 449.00, 460.00, 470.00, 0, 10, 7, 'كرتونه ', '2025-10-20 12:45:22', '2025-10-20 08:46:44'),
(59, 'ممتص 1/2 كيلو اسود ', NULL, 440.00, 450.00, 460.00, 0, 0, 7, 'كرتونه', '2025-10-20 12:46:54', '2025-10-20 08:48:11'),
(60, 'ممتص 1 كيلو اسود', NULL, 713.00, 725.00, 740.00, 0, 10, 7, 'كرتونه', '2025-10-20 12:48:04', '2025-10-20 08:49:58'),
(61, 'جيلي 250 بالغطاء ', NULL, 630.00, 640.00, 0.00, 0, 0, 7, 'كرتونه', '2025-10-20 12:49:52', '2025-10-20 08:52:24'),
(62, 'جيلي 200 بالغطاء ', NULL, 616.50, 630.00, 640.00, 0, 0, 7, 'كرتونه', '2025-10-20 12:53:54', '2025-10-20 08:54:10'),
(63, 'مفصلي مدور 150', NULL, 251.00, 260.00, 270.00, 0, 0, 7, 'كرتونه', '2025-10-20 12:54:16', '2025-10-20 08:56:07'),
(64, 'مفصلي مدور 180', NULL, 273.00, 280.00, 290.00, 0, 0, 7, 'كرتونه', '2025-10-20 12:56:00', '2025-10-20 08:57:39'),
(65, 'مفصلي مدور 360', NULL, 440.00, 450.00, 460.00, 0, 0, 7, 'كرتونه', '2025-10-20 12:57:33', '2025-10-20 09:00:18'),
(66, 'مفصلي مدور 250', NULL, 350.00, 360.00, 370.00, 0, 0, 7, 'كرتونه', '2025-10-20 13:00:13', '2025-10-20 09:01:39'),
(67, 'مفصلي مدور 500', NULL, 629.50, 640.00, 650.00, 0, 0, 7, 'كرتونه', '2025-10-20 13:01:55', '2025-10-20 09:04:21'),
(68, 'مربع مفصلي  150 بارد ', NULL, 458.00, 465.00, 480.00, 0, 0, 7, 'كرتونه ', '2025-10-20 13:04:58', '2025-10-20 09:07:26'),
(69, 'مربع مفصلي 250 بارد', NULL, 510.50, 520.00, 530.00, 0, 0, 7, 'كرتونه ', '2025-10-20 13:07:31', '2025-10-20 09:09:10'),
(70, 'مربع مفصلي 150 سخن', NULL, 500.00, 510.00, 530.00, 0, 0, 7, 'كرتونه', '2025-10-20 13:09:25', '2025-10-20 09:12:19'),
(71, 'مربع مفصلي 250 سخن', NULL, 519.50, 525.00, 540.00, 0, 0, 7, 'كرتونه', '2025-10-20 13:12:13', '2025-10-20 09:13:44'),
(72, 'صوص 20 cc ', NULL, 418.00, 425.00, 440.00, 0, 0, 7, 'كرتونه', '2025-10-20 13:13:37', '2025-10-20 09:14:43'),
(73, 'صوص 50 cc', NULL, 374.00, 380.00, 390.00, 0, 0, 7, 'كرتونه', '2025-10-20 13:14:37', '2025-10-20 09:15:29'),
(74, 'صوص 50 cc معدل', NULL, 528.00, 540.00, 550.00, 0, 0, 7, 'كرتونه ', '2025-10-20 13:15:23', '2025-10-20 09:17:01'),
(75, 'مفصلي مستطيل 8 ', NULL, 414.00, 425.00, 440.00, 0, 0, 7, 'كرتونه', '2025-10-20 14:05:17', '2025-10-20 10:11:46'),
(76, 'مفصلي مستطيل 12', NULL, 488.50, 500.00, 510.00, 0, 0, 7, 'كرتونه ', '2025-10-20 14:11:40', '2025-10-20 10:14:03'),
(77, 'مفصلي مستطيل 500 عادي ', NULL, 620.50, 630.00, 640.00, 0, 0, 7, 'كرتونه ', '2025-10-20 14:13:57', '2025-10-20 10:18:47'),
(78, 'مفصلي مستطيل 750 عادي ', NULL, 708.50, 720.00, 730.00, 0, 0, 7, 'كرتونه', '2025-10-20 14:21:22', '2025-10-20 10:23:03'),
(79, 'مفصلي مستطيل 1000 عادي ', NULL, 937.50, 950.00, 960.00, 0, 0, 7, 'كرتونه ', '2025-10-20 14:22:58', '2025-10-20 10:25:33'),
(80, 'مفصلي مستطيل 500 سمارت ', NULL, 521.00, 530.00, 550.00, 0, 0, 7, 'كرتونه ', '2025-10-20 14:25:27', '2025-10-20 10:27:09'),
(81, 'مفصلي مستطيل 750 سمارت ', NULL, 609.00, 620.00, 640.00, 0, 0, 7, 'كرتونه ', '2025-10-20 14:27:02', '2025-10-20 10:29:20'),
(82, 'مفصلي مستطيل 1000 سمارت ', NULL, 785.00, 795.00, 810.00, 0, 0, 7, 'كرتونه ', '2025-10-20 14:29:14', '2025-10-20 10:31:35'),
(83, 'مخبوزات 1000', NULL, 511.00, 525.00, 530.00, 0, 0, 7, 'كرتونه ', '2025-10-20 14:31:33', '2025-10-20 10:34:06'),
(84, 'مخبوزات 2000', NULL, 576.50, 595.00, 600.00, 0, 0, 7, 'كرتونه ', '2025-10-20 14:34:14', '2025-10-20 10:36:40'),
(85, 'شوربه 500 بالغاء اسود ', NULL, 510.50, 520.00, 530.00, 0, 0, 7, 'كرتونه', '2025-10-20 14:37:20', '2025-10-20 10:40:53'),
(86, 'شوربه 450 اسود بالغطاء ', NULL, 485.00, 495.00, 510.00, 0, 0, 7, 'كرتونه ', '2025-10-20 14:40:48', '2025-10-20 10:42:30'),
(87, 'كوب 10 اونز ترنيدو ', NULL, 761.50, 770.00, 775.00, 0, 0, 7, 'كرتونه ', '2025-10-20 14:43:23', '2025-10-20 10:46:30'),
(88, 'كوب 12 اونز ترنيدو', NULL, 801.00, 810.00, 820.00, 0, 0, 7, 'كرتونه ', '2025-10-20 14:46:24', '2025-10-20 10:48:45'),
(89, 'غطاء ترنيدو', NULL, 334.50, 340.00, 345.00, 0, 0, 7, 'كرتونه ', '2025-10-20 14:48:43', '2025-10-20 10:50:28'),
(90, 'كوب 10 اونز ', NULL, 704.00, 710.00, 715.00, 0, 0, 7, 'كرتونه ', '2025-10-20 14:50:23', '2025-10-20 10:51:40'),
(91, 'كوب 12 اونز ', NULL, 766.00, 775.00, 780.00, 0, 0, 7, 'كرتونه ', '2025-10-20 14:51:34', '2025-10-20 10:54:44'),
(92, 'كوب 14 اونز ', NULL, 832.00, 840.00, 850.00, 0, 0, 7, 'كرتونه ', '2025-10-20 14:54:39', '2025-10-20 10:57:29'),
(93, 'غطاء كوب عالي', NULL, 374.00, 375.00, 380.00, 0, 0, 7, 'كرتونه ', '2025-10-20 14:58:17', '2025-10-20 10:59:34'),
(94, 'طبق 1/2 شفاف مسطح', NULL, 700.00, 710.00, 720.00, 0, 0, 7, 'كرتونه', '2025-10-20 14:59:30', '2025-10-20 11:00:52'),
(95, 'طبق1/4 شفاف مسطح', NULL, 612.00, 620.00, 630.00, 0, 0, 7, 'كرتونه ', '2025-10-20 15:02:25', '2025-10-20 11:02:37'),
(96, 'طبق 1/8 شفاف مسطح ', NULL, 480.00, 485.00, 495.00, 0, 0, 7, 'كرتونه ', '2025-10-20 15:03:44', '2025-10-20 11:04:12'),
(97, 'مفصلي مربع 1500', NULL, 783.50, 795.00, 810.00, 0, 0, 7, 'كرتونه ', '2025-10-20 15:04:17', '2025-10-20 11:06:22'),
(98, 'مفصلي مربع 2000', NULL, 959.50, 970.00, 980.00, 0, 0, 7, 'كرتونه ', '2025-10-20 15:06:16', '2025-10-20 11:07:20'),
(99, 'شاليموه 1/2 الوان ', NULL, 580.00, 600.00, 610.00, 0, 0, 8, 'باله ', '2025-10-20 17:25:31', '2025-10-20 13:25:55'),
(100, 'شاليموه 200 جرام الوان ', NULL, 580.00, 600.00, 610.00, 0, 0, 8, 'باله ', '2025-10-20 17:24:20', '2025-10-20 13:25:37'),
(101, 'شاليموه مانجا عريض', NULL, 500.00, 520.00, 550.00, 0, 0, 8, 'كرتونه', '2025-10-20 17:25:49', '2025-10-20 13:26:55'),
(102, 'شاليموه سوسته شفاف ', NULL, 240.00, 250.00, 270.00, 0, 0, 8, 'باله ', '2025-10-20 17:26:49', '2025-10-20 13:28:28'),
(103, 'شاليموه سوسته الوان ', NULL, 240.00, 250.00, 270.00, 0, 0, 8, 'باله', '2025-10-20 17:28:21', '2025-10-20 13:29:06'),
(104, 'شاليموه اسور عريض', NULL, 400.00, 425.00, 450.00, 0, 0, 8, 'كرتونه ', '2025-10-20 17:29:04', '2025-10-20 13:29:58'),
(105, 'بيتزا 34', NULL, 179.00, 182.50, 185.00, 0, 0, 9, 'باكو ', '2025-10-20 17:51:12', '2025-10-20 13:54:43'),
(106, 'بيتزا 31', NULL, 138.50, 142.50, 145.00, 0, 0, 9, 'باكو', '2025-10-20 17:54:37', '2025-10-20 13:55:49'),
(107, 'بيتزا 29', NULL, 133.00, 137.50, 140.00, 0, 0, 9, 'باكو', '2025-10-20 17:55:42', '2025-10-20 13:57:02'),
(108, 'بيتزا 26', NULL, 111.50, 115.00, 115.00, 0, 0, 9, 'باكو', '2025-10-20 17:56:56', '2025-10-20 13:58:14'),
(109, 'بيتزا 24', NULL, 102.50, 105.00, 105.00, 0, 0, 9, 'باكو', '2025-10-20 17:58:09', '2025-10-20 14:00:08'),
(110, 'بيتزا 21', NULL, 87.50, 90.00, 95.00, 0, 0, 9, 'باكو ', '2025-10-20 18:00:00', '2025-10-20 14:00:58'),
(111, 'ظرف كريب سلفر ', NULL, 440.00, 440.00, 450.00, 0, 43, 9, '1000', '2025-10-23 14:59:47', '2025-10-23 12:16:13'),
(112, 'ظرف كريب كرافت ', NULL, 270.00, 280.00, 300.00, 0, 47, 9, '1000', '2025-10-23 15:36:44', '2025-10-23 12:16:13'),
(113, 'ظرف كريب اصفر تقيل ', NULL, 430.00, 450.00, 470.00, 0, 0, 9, '1000', '2025-10-20 18:07:21', '2025-10-20 14:08:32'),
(114, 'ورق زبده مقطع ', NULL, 660.00, 750.00, 750.00, 0, 0, 9, 'باله', '2025-10-20 18:08:27', '2025-10-20 14:09:56'),
(115, 'ظرف سندوتش وسط كرافت ', NULL, 430.00, 460.00, 500.00, 0, 0, 9, 'باله ', '2025-10-20 18:09:53', '2025-10-20 14:14:26'),
(116, 'ظرف سندوتش كبير كرافت', NULL, 460.00, 500.00, 560.00, 0, 25, 9, 'باله', '2025-10-23 14:39:02', '2025-10-23 10:39:56'),
(117, 'معلقه ابيض تركي النسر ', NULL, 600.00, 630.00, 650.00, 0, 0, 10, 'كرتونه ', '2025-10-20 18:21:29', '2025-10-20 14:23:20'),
(118, 'معلقه ابيض تركي خفيف باندا ', NULL, 520.00, 525.00, 535.00, 0, 0, 10, 'كرتونه', '2025-10-20 18:25:25', '2025-10-20 14:25:51'),
(119, 'معلقه شفاف تركي باندا ', NULL, 630.00, 640.00, 670.00, 0, 0, 10, 'كرتونه', '2025-10-21 15:55:00', '2025-10-21 11:55:22'),
(120, 'معلقه اسود سياحي باندا ', NULL, 350.00, 360.00, 370.00, 0, 0, 10, 'كرتونه ', '2025-10-21 15:55:38', '2025-10-21 11:56:02'),
(121, 'معلقه سبورك ابيض تركي النسر ', NULL, 470.00, 510.00, 520.00, 0, 0, 10, 'كرتونه', '2025-10-20 18:27:13', '2025-10-20 14:28:33'),
(122, 'شوكه ابيض تركي النسر', NULL, 480.00, 520.00, 550.00, 0, 0, 10, 'كرتونه', '2025-10-20 18:28:33', '2025-10-20 14:29:51'),
(123, 'شوكه شفاف تركي باندا ', NULL, 570.00, 580.00, 600.00, 0, 0, 10, 'كرتونه', '2025-10-21 15:57:13', '2025-10-21 11:57:30'),
(124, 'شوكه اسود سياحي باندا ', NULL, 270.00, 280.00, 300.00, 0, 0, 10, 'كرتونه', '2025-10-21 15:56:40', '2025-10-21 11:57:11'),
(125, 'شوكه اسود تركي باندا ', NULL, 440.00, 455.00, 480.00, 0, 0, 10, 'كرتونه ', '2025-10-21 15:56:06', '2025-10-21 11:56:41'),
(126, 'فوم 1 كيلو انفال ', NULL, 265.00, 272.50, 272.50, 0, 0, 11, 'باكو ', '2025-10-20 18:55:01', '2025-10-20 14:57:45'),
(127, 'فوم 1/2 انفال ', NULL, 167.50, 172.50, 172.50, 0, 56, 11, 'باكو ', '2025-10-23 15:00:54', '2025-10-23 11:01:17'),
(128, 'فوم 1/4 انفال ', NULL, 130.00, 135.00, 135.00, 0, 80, 11, 'باكو', '2025-10-23 10:56:36', '2025-10-23 08:16:49'),
(129, 'فوم 1/8 كبير انفال ', NULL, 170.00, 175.00, 180.00, 0, 0, 11, 'باكو', '2025-10-20 19:03:16', '2025-10-20 15:04:41'),
(130, 'فوم 1/8 ميني انفال ', NULL, 150.00, 165.00, 170.00, 0, 0, 11, 'باكو ', '2025-10-20 19:04:38', '2025-10-20 15:06:01'),
(131, 'فوم 1 كيلو الربيع ', NULL, 272.50, 275.00, 275.00, 0, 30, 12, 'باكو ', '2025-10-23 10:49:53', '2025-10-23 12:16:13'),
(132, 'فوم 1/2 الربيع ', NULL, 172.50, 175.00, 175.00, 0, 74, 12, 'باكو ', '2025-10-23 15:01:27', '2025-10-23 11:01:51'),
(133, 'فوم 1/4 الربيع ', NULL, 137.50, 140.00, 140.00, 0, 80, 12, 'باكو ', '2025-10-23 10:49:13', '2025-10-23 10:26:31'),
(134, 'فوم 1/8 كبير الربيع', NULL, 175.00, 180.00, 180.00, 0, 160, 12, 'باكو ', '2025-10-23 10:47:43', '2025-10-23 10:26:31'),
(135, 'فوم 1/8 ميني الربيع ', NULL, 155.00, 165.00, 170.00, 0, 157, 12, 'باكو ', '2025-10-23 14:36:27', '2025-10-23 10:37:39'),
(136, 'فوم مدور ابيض صغير الربيع', NULL, 175.00, 185.00, 200.00, 0, 20, 12, 'باكو ', '2025-10-23 10:46:15', '2025-10-23 06:46:50'),
(137, 'فوم مقسم انفال ', NULL, 115.00, 130.00, 140.00, 0, 195, 11, 'باكو ', '2025-10-23 15:00:30', '2025-10-23 11:00:55'),
(138, 'فوم 1 كيلو توب ', NULL, 280.00, 282.50, 282.50, 0, 0, 13, 'باكو ', '2025-10-20 19:17:13', '2025-10-20 15:21:56'),
(139, 'فوم 1/2 توب ', NULL, 180.00, 182.50, 182.50, 0, 0, 13, 'باكوب ', '2025-10-20 19:21:49', '2025-10-20 15:23:24'),
(140, 'فوم 1/4 توب ', NULL, 145.00, 147.50, 147.50, 0, 0, 13, 'باكو ', '2025-10-20 19:23:17', '2025-10-20 15:24:27'),
(141, 'فوم 1/8 ميني توب ', NULL, 175.00, 180.00, 185.00, 0, 0, 13, 'باكو ', '2025-10-20 19:24:21', '2025-10-20 15:25:29'),
(142, 'فوم 1/4 ميني توب ', NULL, 132.50, 137.50, 140.00, 0, 0, 13, 'باكو ', '2025-10-20 19:25:22', '2025-10-20 15:26:59'),
(143, 'فوم مدور ابيض صغير ', NULL, 200.00, 200.00, 205.00, 0, 0, 13, 'باكو ', '2025-10-20 19:27:06', '2025-10-20 15:28:00'),
(144, 'فوم مدور الوان صغير ', NULL, 255.00, 260.00, 270.00, 0, 0, 13, 'باكو ', '2025-10-20 19:27:54', '2025-10-20 15:29:04'),
(145, 'فوم 2 كيلو توب ', NULL, 135.00, 138.00, 140.00, 0, 0, 13, 'باكو ', '2025-10-20 19:28:58', '2025-10-20 15:29:49'),
(146, 'فوم 1.5 توب ', NULL, 108.00, 110.00, 115.00, 0, 15, 13, 'باكو ', '2025-10-23 16:03:00', '2025-10-23 12:16:13'),
(147, 'فوم 1 كيلو اصفر توب ', NULL, 350.00, 355.00, 360.00, 0, 0, 13, 'باكو ', '2025-10-23 11:20:12', '2025-10-23 07:29:37'),
(148, 'فوم 1/2 اصفر توب ', NULL, 225.00, 230.00, 235.00, 0, 0, 13, 'باكو ', '2025-10-23 11:20:51', '2025-10-23 07:29:37'),
(149, 'معالق حلو باندا ', NULL, 330.00, 335.00, 350.00, 0, 0, 10, 'كرتونه', '2025-10-21 15:42:16', '2025-10-21 11:43:14'),
(150, 'معالق اسود تركي باندا ', NULL, 520.00, 525.00, 540.00, 0, 0, 10, 'كرتونه', '2025-10-21 15:52:30', '2025-10-21 11:54:31'),
(151, 'ورق مصري صغير ', NULL, 180.00, 185.00, 190.00, 0, 0, 14, 'باله ', '2025-10-21 20:21:00', '2025-10-21 16:23:48'),
(152, 'ورق مصري 40×60 سبونش ', NULL, 180.00, 185.00, 190.00, 0, 0, 14, 'باله', '2025-10-21 20:23:51', '2025-10-21 16:25:41'),
(153, 'ورق مصري 50×70 مقسوم ', NULL, 180.00, 185.00, 190.00, 0, 0, 14, 'باله ', '2025-10-21 20:25:34', '2025-10-21 16:29:04'),
(154, 'اسد 30 سم ', NULL, 270.00, 275.00, 280.00, 0, 0, 15, 'كرتونه ', '2025-10-21 20:31:32', '2025-10-21 16:33:41'),
(155, 'اسد 35 سم ', NULL, 320.00, 325.00, 330.00, 0, 0, 15, 'كرتونه ', '2025-10-21 20:33:33', '2025-10-21 16:35:55'),
(156, 'اسد 40 سم', NULL, 370.00, 375.00, 380.00, 0, 0, 15, 'كرتونه', '2025-10-21 20:35:47', '2025-10-21 16:37:20'),
(157, 'مانجا 30 سم ', NULL, 270.00, 275.00, 280.00, 0, 0, 15, 'كرتونه', '2025-10-21 20:37:21', '2025-10-21 16:39:36'),
(158, 'مانجا 35 سم ', NULL, 320.00, 325.00, 330.00, 0, 0, 15, 'كرتونه ', '2025-10-21 20:39:28', '2025-10-21 16:40:47'),
(159, 'مانجا 40 سم ', NULL, 370.00, 375.00, 380.00, 0, 0, 15, 'كرتونه ', '2025-10-21 20:41:15', '2025-10-21 16:42:17'),
(160, 'عنب 30 سم ', NULL, 270.00, 275.00, 280.00, 0, 0, 15, 'كرتونه ', '2025-10-21 20:42:12', '2025-10-21 16:43:16'),
(161, 'عنب 35 سم ', NULL, 320.00, 325.00, 330.00, 0, 0, 15, 'كرتونه ', '2025-10-21 20:43:07', '2025-10-21 16:44:14'),
(162, 'عنب 40 سم ', NULL, 370.00, 375.00, 380.00, 0, 0, 15, 'كرتونه ', '2025-10-21 20:44:05', '2025-10-21 16:45:30'),
(163, 'بيج بوص 30 سم 2 رول ', NULL, 190.00, 200.00, 200.00, 0, 0, 15, 'كرنونه ', '2025-10-21 20:45:27', '2025-10-21 16:50:10'),
(164, 'بيج بوص 35 سم 2 رول ', NULL, 220.00, 230.00, 230.00, 0, 0, 15, 'كرتونه ', '2025-10-21 20:50:51', '2025-10-21 16:52:56'),
(165, 'جامبو 30 سم بيج بوص ', NULL, 255.00, 270.00, 270.00, 0, 0, 15, 'كرتونه ', '2025-10-21 20:52:50', '2025-10-21 16:54:58'),
(166, 'جامبو 35 سم بيج بوص ', NULL, 240.00, 250.00, 250.00, 0, 0, 15, 'كرتونه ', '2025-10-21 20:54:50', '2025-10-21 16:56:00'),
(167, 'جامبو 30 سم العصفوره ', NULL, 290.00, 320.00, 320.00, 0, 44, 15, 'كرتونه', '2025-10-23 15:34:39', '2025-10-23 12:16:13'),
(168, 'جامبو 35 سم العصفوره ', NULL, 280.00, 320.00, 320.00, 0, 0, 15, 'كرتونه ', '2025-10-21 21:00:05', '2025-10-21 17:02:00'),
(169, 'ياسمينا 30 سم 2 رول جديد', NULL, 160.00, 180.00, 190.00, 0, 0, 15, 'كرتونه ', '2025-10-21 21:01:52', '2025-10-21 17:04:05'),
(170, 'ياسمينا 35 سم 2 رول جديد', NULL, 205.00, 210.00, 220.00, 0, 0, 15, 'كرتونه ', '2025-10-21 21:04:00', '2025-10-21 17:05:36'),
(171, 'ياسمينا 40 سم 2 رول تقيل ', NULL, 295.00, 325.00, 330.00, 0, 0, 15, 'كرتونه ', '2025-10-21 21:05:28', '2025-10-21 17:08:12'),
(172, 'جامبو 30 سم الياسمينا ', NULL, 315.00, 350.00, 360.00, 0, 0, 15, 'كرتونه ', '2025-10-21 21:08:04', '2025-10-21 17:09:54'),
(173, 'جامبو 35 سم الياسمينا ', NULL, 310.00, 350.00, 360.00, 0, 0, 15, 'كرتونه ', '2025-10-21 21:09:46', '2025-10-21 17:12:01'),
(174, 'جامبو 30 سم الياسمينا 6 كيلو ', NULL, 485.00, 520.00, 540.00, 0, 0, 15, 'كرتونه ', '2025-10-21 21:12:50', '2025-10-21 17:14:41'),
(175, 'جامبو 35 سم الياسمينا 6 كيلو ', NULL, 485.00, 520.00, 540.00, 0, 0, 15, 'كرتونه ', '2025-10-21 21:14:33', '2025-10-21 17:16:31'),
(176, 'جامبو 35 سم الياسمينا 8 كيلو ', NULL, 660.00, 690.00, 730.00, 0, 0, 15, 'كرتونه ', '2025-10-21 21:16:24', '2025-10-21 17:18:36'),
(177, 'استرتش صناعي 10 سم ', NULL, 580.00, 620.00, 650.00, 0, 0, 16, '10 كيلو ', '2025-10-21 21:20:28', '2025-10-21 17:22:22'),
(178, 'استرتش صناعي 30سم ', NULL, 58.00, 62.00, 65.00, 0, 0, 16, 'كيلو ', '2025-10-21 21:22:13', '2025-10-21 17:23:11'),
(179, 'استرتش صناعي 50 سم ', NULL, 58.00, 62.00, 65.00, 0, 0, 16, 'كيلو ', '2025-10-21 21:23:10', '2025-10-21 17:24:01'),
(180, 'مفرش سفره 1/2 كيلو ', NULL, 812.50, 825.00, 850.00, 0, 47, 17, '25 كيلو ', '2025-10-23 15:33:43', '2025-10-23 12:16:13'),
(181, 'مفرش سفره 1 كميلو ', NULL, 812.50, 825.00, 850.00, 0, 22, 17, '25 كيلو ', '2025-10-23 15:34:58', '2025-10-23 12:16:13');

-- --------------------------------------------------------

--
-- Table structure for table `return_invoices`
--

CREATE TABLE `return_invoices` (
  `id` bigint UNSIGNED NOT NULL,
  `customer_id` bigint UNSIGNED NOT NULL,
  `original_invoice_id` bigint UNSIGNED DEFAULT NULL,
  `original_invoice_number` varchar(255) COLLATE utf8mb4_unicode_ci NOT NULL,
  `return_invoice_number` varchar(255) COLLATE utf8mb4_unicode_ci NOT NULL,
  `total_amount` decimal(12,2) NOT NULL DEFAULT '0.00',
  `notes` text COLLATE utf8mb4_unicode_ci,
  `created_at` timestamp NULL DEFAULT NULL,
  `updated_at` timestamp NULL DEFAULT NULL
) ENGINE=InnoDB DEFAULT CHARSET=utf8mb4 COLLATE=utf8mb4_unicode_ci;

-- --------------------------------------------------------

--
-- Table structure for table `return_invoice_items`
--

CREATE TABLE `return_invoice_items` (
  `id` bigint UNSIGNED NOT NULL,
  `return_invoice_id` bigint UNSIGNED NOT NULL,
  `product_id` bigint UNSIGNED NOT NULL,
  `quantity_returned` int NOT NULL,
  `price` decimal(12,2) NOT NULL,
  `subtotal` decimal(12,2) NOT NULL,
  `created_at` timestamp NULL DEFAULT NULL,
  `updated_at` timestamp NULL DEFAULT NULL
) ENGINE=InnoDB DEFAULT CHARSET=utf8mb4 COLLATE=utf8mb4_unicode_ci;

-- --------------------------------------------------------

--
-- Table structure for table `sessions`
--

CREATE TABLE `sessions` (
  `id` varchar(255) COLLATE utf8mb4_unicode_ci NOT NULL,
  `user_id` bigint UNSIGNED DEFAULT NULL,
  `ip_address` varchar(45) COLLATE utf8mb4_unicode_ci DEFAULT NULL,
  `user_agent` text COLLATE utf8mb4_unicode_ci,
  `payload` longtext COLLATE utf8mb4_unicode_ci NOT NULL,
  `last_activity` int NOT NULL
) ENGINE=InnoDB DEFAULT CHARSET=utf8mb4 COLLATE=utf8mb4_unicode_ci;

--
-- Dumping data for table `sessions`
--

INSERT INTO `sessions` (`id`, `user_id`, `ip_address`, `user_agent`, `payload`, `last_activity`) VALUES
('8zKrj71HBvvcZS0kxKjGAoIlhFgtHYkOSpMCgWoQ', 1, '156.197.100.61', 'Mozilla/5.0 (Windows NT 10.0; Win64; x64) AppleWebKit/537.36 (KHTML, like Gecko) Chrome/141.0.0.0 Safari/537.36 Edg/141.0.0.0', 'YTo4OntzOjY6Il90b2tlbiI7czo0MDoiNDdoVXBkOURyNmR0dmVqUlpDMzJQZUp6VkhmMXpWOFV2UUtwUmwyQyI7czo1MDoibG9naW5fd2ViXzU5YmEzNmFkZGMyYjJmOTQwMTU4MGYwMTRjN2Y1OGVhNGUzMDk4OWQiO2k6MTtzOjE3OiJwYXNzd29yZF9oYXNoX3dlYiI7czo2MDoiJDJ5JDEyJE1tU1JSR0p0ZVUyU0ZiLjBTUkxlRHVPUnZtc0JzSXNwZUgyV1l0MzdvWGhDVDZkeDBPdGltIjtzOjY6InRhYmxlcyI7YToxMDp7czo0MDoiZDQyMmM5NTI3MTUwMWJlMTM1MmQ5Y2ZmYjRjNzM3NzNfY29sdW1ucyI7YTo2OntpOjA7YTo3OntzOjQ6InR5cGUiO3M6NjoiY29sdW1uIjtzOjQ6Im5hbWUiO3M6NToiaW5kZXgiO3M6NToibGFiZWwiO3M6MToiIyI7czo4OiJpc0hpZGRlbiI7YjowO3M6OToiaXNUb2dnbGVkIjtiOjE7czoxMjoiaXNUb2dnbGVhYmxlIjtiOjA7czoyNDoiaXNUb2dnbGVkSGlkZGVuQnlEZWZhdWx0IjtOO31pOjE7YTo3OntzOjQ6InR5cGUiO3M6NjoiY29sdW1uIjtzOjQ6Im5hbWUiO3M6NDoibmFtZSI7czo1OiJsYWJlbCI7czoxOToi2KXYs9mFINin2YTYudmF2YrZhCI7czo4OiJpc0hpZGRlbiI7YjowO3M6OToiaXNUb2dnbGVkIjtiOjE7czoxMjoiaXNUb2dnbGVhYmxlIjtiOjA7czoyNDoiaXNUb2dnbGVkSGlkZGVuQnlEZWZhdWx0IjtOO31pOjI7YTo3OntzOjQ6InR5cGUiO3M6NjoiY29sdW1uIjtzOjQ6Im5hbWUiO3M6NToicGhvbmUiO3M6NToibGFiZWwiO3M6MjE6Itix2YLZhSDYp9mE2KrZiNin2LXZhCI7czo4OiJpc0hpZGRlbiI7YjowO3M6OToiaXNUb2dnbGVkIjtiOjE7czoxMjoiaXNUb2dnbGVhYmxlIjtiOjA7czoyNDoiaXNUb2dnbGVkSGlkZGVuQnlEZWZhdWx0IjtOO31pOjM7YTo3OntzOjQ6InR5cGUiO3M6NjoiY29sdW1uIjtzOjQ6Im5hbWUiO3M6NzoiYmFsYW5jZSI7czo1OiJsYWJlbCI7czoyMToi2LHYtdmK2K8g2KfZhNi52YXZitmEIjtzOjg6ImlzSGlkZGVuIjtiOjA7czo5OiJpc1RvZ2dsZWQiO2I6MTtzOjEyOiJpc1RvZ2dsZWFibGUiO2I6MDtzOjI0OiJpc1RvZ2dsZWRIaWRkZW5CeURlZmF1bHQiO047fWk6NDthOjc6e3M6NDoidHlwZSI7czo2OiJjb2x1bW4iO3M6NDoibmFtZSI7czoxMDoiY3JlYXRlZF9hdCI7czo1OiJsYWJlbCI7czoyNToi2KrYp9ix2YrYriDYp9mE2KrYs9is2YrZhCI7czo4OiJpc0hpZGRlbiI7YjowO3M6OToiaXNUb2dnbGVkIjtiOjE7czoxMjoiaXNUb2dnbGVhYmxlIjtiOjA7czoyNDoiaXNUb2dnbGVkSGlkZGVuQnlEZWZhdWx0IjtOO31pOjU7YTo3OntzOjQ6InR5cGUiO3M6NjoiY29sdW1uIjtzOjQ6Im5hbWUiO3M6Njoic3RhdHVzIjtzOjU6ImxhYmVsIjtzOjEyOiLYp9mE2K3Yp9mE2KkiO3M6ODoiaXNIaWRkZW4iO2I6MDtzOjk6ImlzVG9nZ2xlZCI7YjoxO3M6MTI6ImlzVG9nZ2xlYWJsZSI7YjowO3M6MjQ6ImlzVG9nZ2xlZEhpZGRlbkJ5RGVmYXVsdCI7Tjt9fXM6NDA6IjMxOGJjMDk3OTIyM2IyNDdiYjE5Y2ZjY2I1MThmZDY5X2NvbHVtbnMiO2E6NDp7aTowO2E6Nzp7czo0OiJ0eXBlIjtzOjY6ImNvbHVtbiI7czo0OiJuYW1lIjtzOjE0OiJpbnZvaWNlX251bWJlciI7czo1OiJsYWJlbCI7czoyMzoi2LHZgtmFINin2YTZgdin2KrZiNix2KkiO3M6ODoiaXNIaWRkZW4iO2I6MDtzOjk6ImlzVG9nZ2xlZCI7YjoxO3M6MTI6ImlzVG9nZ2xlYWJsZSI7YjowO3M6MjQ6ImlzVG9nZ2xlZEhpZGRlbkJ5RGVmYXVsdCI7Tjt9aToxO2E6Nzp7czo0OiJ0eXBlIjtzOjY6ImNvbHVtbiI7czo0OiJuYW1lIjtzOjEzOiJzdXBwbGllci5uYW1lIjtzOjU6ImxhYmVsIjtzOjE5OiLYp9iz2YUg2KfZhNmF2YjYsdivIjtzOjg6ImlzSGlkZGVuIjtiOjA7czo5OiJpc1RvZ2dsZWQiO2I6MTtzOjEyOiJpc1RvZ2dsZWFibGUiO2I6MDtzOjI0OiJpc1RvZ2dsZWRIaWRkZW5CeURlZmF1bHQiO047fWk6MjthOjc6e3M6NDoidHlwZSI7czo2OiJjb2x1bW4iO3M6NDoibmFtZSI7czoxMjoidG90YWxfYW1vdW50IjtzOjU6ImxhYmVsIjtzOjI5OiLYpdis2YXYp9mE2Yog2KfZhNmB2KfYqtmI2LHYqSI7czo4OiJpc0hpZGRlbiI7YjowO3M6OToiaXNUb2dnbGVkIjtiOjE7czoxMjoiaXNUb2dnbGVhYmxlIjtiOjA7czoyNDoiaXNUb2dnbGVkSGlkZGVuQnlEZWZhdWx0IjtOO31pOjM7YTo3OntzOjQ6InR5cGUiO3M6NjoiY29sdW1uIjtzOjQ6Im5hbWUiO3M6MTA6ImNyZWF0ZWRfYXQiO3M6NToibGFiZWwiO3M6Mjc6Itiq2KfYsdmK2K4g2KfZhNmB2KfYqtmI2LHYqSI7czo4OiJpc0hpZGRlbiI7YjowO3M6OToiaXNUb2dnbGVkIjtiOjE7czoxMjoiaXNUb2dnbGVhYmxlIjtiOjA7czoyNDoiaXNUb2dnbGVkSGlkZGVuQnlEZWZhdWx0IjtOO319czo0MDoiNDNiMmQ5MDY1NTRkYmE2OGI1ZjQ5Y2RhYWM4NzcyMjNfY29sdW1ucyI7YTo4OntpOjA7YTo3OntzOjQ6InR5cGUiO3M6NjoiY29sdW1uIjtzOjQ6Im5hbWUiO3M6NToiaW5kZXgiO3M6NToibGFiZWwiO3M6MToiIyI7czo4OiJpc0hpZGRlbiI7YjowO3M6OToiaXNUb2dnbGVkIjtiOjE7czoxMjoiaXNUb2dnbGVhYmxlIjtiOjA7czoyNDoiaXNUb2dnbGVkSGlkZGVuQnlEZWZhdWx0IjtOO31pOjE7YTo3OntzOjQ6InR5cGUiO3M6NjoiY29sdW1uIjtzOjQ6Im5hbWUiO3M6MTI6InByb2R1Y3QubmFtZSI7czo1OiJsYWJlbCI7czoxMjoi2KfZhNmF2YbYqtisIjtzOjg6ImlzSGlkZGVuIjtiOjA7czo5OiJpc1RvZ2dsZWQiO2I6MTtzOjEyOiJpc1RvZ2dsZWFibGUiO2I6MDtzOjI0OiJpc1RvZ2dsZWRIaWRkZW5CeURlZmF1bHQiO047fWk6MjthOjc6e3M6NDoidHlwZSI7czo2OiJjb2x1bW4iO3M6NDoibmFtZSI7czoyMToiaW52b2ljZS5zdXBwbGllci5uYW1lIjtzOjU6ImxhYmVsIjtzOjEyOiLYp9mE2YXZiNix2K8iO3M6ODoiaXNIaWRkZW4iO2I6MDtzOjk6ImlzVG9nZ2xlZCI7YjoxO3M6MTI6ImlzVG9nZ2xlYWJsZSI7YjowO3M6MjQ6ImlzVG9nZ2xlZEhpZGRlbkJ5RGVmYXVsdCI7Tjt9aTozO2E6Nzp7czo0OiJ0eXBlIjtzOjY6ImNvbHVtbiI7czo0OiJuYW1lIjtzOjg6InF1YW50aXR5IjtzOjU6ImxhYmVsIjtzOjEyOiLYp9mE2YPZhdmK2KkiO3M6ODoiaXNIaWRkZW4iO2I6MDtzOjk6ImlzVG9nZ2xlZCI7YjoxO3M6MTI6ImlzVG9nZ2xlYWJsZSI7YjowO3M6MjQ6ImlzVG9nZ2xlZEhpZGRlbkJ5RGVmYXVsdCI7Tjt9aTo0O2E6Nzp7czo0OiJ0eXBlIjtzOjY6ImNvbHVtbiI7czo0OiJuYW1lIjtzOjEwOiJjb3N0X3ByaWNlIjtzOjU6ImxhYmVsIjtzOjE5OiLYs9i52LEg2KfZhNi02LHYp9ihIjtzOjg6ImlzSGlkZGVuIjtiOjA7czo5OiJpc1RvZ2dsZWQiO2I6MTtzOjEyOiJpc1RvZ2dsZWFibGUiO2I6MDtzOjI0OiJpc1RvZ2dsZWRIaWRkZW5CeURlZmF1bHQiO047fWk6NTthOjc6e3M6NDoidHlwZSI7czo2OiJjb2x1bW4iO3M6NDoibmFtZSI7czo4OiJzdWJ0b3RhbCI7czo1OiJsYWJlbCI7czozMzoi2KfZhNiq2YPZhNmB2Kkg2KfZhNil2KzZhdin2YTZitipIjtzOjg6ImlzSGlkZGVuIjtiOjA7czo5OiJpc1RvZ2dsZWQiO2I6MTtzOjEyOiJpc1RvZ2dsZWFibGUiO2I6MDtzOjI0OiJpc1RvZ2dsZWRIaWRkZW5CeURlZmF1bHQiO047fWk6NjthOjc6e3M6NDoidHlwZSI7czo2OiJjb2x1bW4iO3M6NDoibmFtZSI7czoxODoiaW52b2ljZS5jcmVhdGVkX2F0IjtzOjU6ImxhYmVsIjtzOjIzOiLYqtin2LHZitiuINin2YTYtNix2KfYoSI7czo4OiJpc0hpZGRlbiI7YjowO3M6OToiaXNUb2dnbGVkIjtiOjE7czoxMjoiaXNUb2dnbGVhYmxlIjtiOjA7czoyNDoiaXNUb2dnbGVkSGlkZGVuQnlEZWZhdWx0IjtOO31pOjc7YTo3OntzOjQ6InR5cGUiO3M6NjoiY29sdW1uIjtzOjQ6Im5hbWUiO3M6MjI6Imludm9pY2UuaW52b2ljZV9udW1iZXIiO3M6NToibGFiZWwiO3M6MzI6Itix2YLZhSDZgdin2KrZiNix2Kkg2KfZhNmF2YjYsdivIjtzOjg6ImlzSGlkZGVuIjtiOjA7czo5OiJpc1RvZ2dsZWQiO2I6MTtzOjEyOiJpc1RvZ2dsZWFibGUiO2I6MTtzOjI0OiJpc1RvZ2dsZWRIaWRkZW5CeURlZmF1bHQiO2I6MDt9fXM6NDA6IjVmYWE3NGM1YmY2NjQwN2Y0OGUxMzExNTJhNTRmYWQ4X2NvbHVtbnMiO2E6ODp7aTowO2E6Nzp7czo0OiJ0eXBlIjtzOjY6ImNvbHVtbiI7czo0OiJuYW1lIjtzOjEyOiJwcm9kdWN0X25hbWUiO3M6NToibGFiZWwiO3M6MTc6Itin2LPZhSDYp9mE2LXZhtmBIjtzOjg6ImlzSGlkZGVuIjtiOjA7czo5OiJpc1RvZ2dsZWQiO2I6MTtzOjEyOiJpc1RvZ2dsZWFibGUiO2I6MDtzOjI0OiJpc1RvZ2dsZWRIaWRkZW5CeURlZmF1bHQiO047fWk6MTthOjc6e3M6NDoidHlwZSI7czo2OiJjb2x1bW4iO3M6NDoibmFtZSI7czoxMjoiZmFjdG9yeV9uYW1lIjtzOjU6ImxhYmVsIjtzOjE5OiLYp9iz2YUg2KfZhNmF2LXZhti5IjtzOjg6ImlzSGlkZGVuIjtiOjA7czo5OiJpc1RvZ2dsZWQiO2I6MTtzOjEyOiJpc1RvZ2dsZWFibGUiO2I6MDtzOjI0OiJpc1RvZ2dsZWRIaWRkZW5CeURlZmF1bHQiO047fWk6MjthOjc6e3M6NDoidHlwZSI7czo2OiJjb2x1bW4iO3M6NDoibmFtZSI7czo4OiJxdWFudGl0eSI7czo1OiJsYWJlbCI7czoxMjoi2KfZhNmD2YXZitipIjtzOjg6ImlzSGlkZGVuIjtiOjA7czo5OiJpc1RvZ2dsZWQiO2I6MTtzOjEyOiJpc1RvZ2dsZWFibGUiO2I6MDtzOjI0OiJpc1RvZ2dsZWRIaWRkZW5CeURlZmF1bHQiO047fWk6MzthOjc6e3M6NDoidHlwZSI7czo2OiJjb2x1bW4iO3M6NDoibmFtZSI7czo0OiJzaXplIjtzOjU6ImxhYmVsIjtzOjEyOiLYp9mE2YXZgtin2LMiO3M6ODoiaXNIaWRkZW4iO2I6MDtzOjk6ImlzVG9nZ2xlZCI7YjoxO3M6MTI6ImlzVG9nZ2xlYWJsZSI7YjowO3M6MjQ6ImlzVG9nZ2xlZEhpZGRlbkJ5RGVmYXVsdCI7Tjt9aTo0O2E6Nzp7czo0OiJ0eXBlIjtzOjY6ImNvbHVtbiI7czo0OiJuYW1lIjtzOjEwOiJ0b3RhbF9jb3N0IjtzOjU6ImxhYmVsIjtzOjE0OiLYp9mE2KrZg9mE2YHYqSI7czo4OiJpc0hpZGRlbiI7YjowO3M6OToiaXNUb2dnbGVkIjtiOjE7czoxMjoiaXNUb2dnbGVhYmxlIjtiOjA7czoyNDoiaXNUb2dnbGVkSGlkZGVuQnlEZWZhdWx0IjtOO31pOjU7YTo3OntzOjQ6InR5cGUiO3M6NjoiY29sdW1uIjtzOjQ6Im5hbWUiO3M6MTA6InN0YXJ0X2RhdGUiO3M6NToibGFiZWwiO3M6MjE6Itiq2KfYsdmK2K4g2KfZhNio2K/YoSI7czo4OiJpc0hpZGRlbiI7YjowO3M6OToiaXNUb2dnbGVkIjtiOjE7czoxMjoiaXNUb2dnbGVhYmxlIjtiOjA7czoyNDoiaXNUb2dnbGVkSGlkZGVuQnlEZWZhdWx0IjtOO31pOjY7YTo3OntzOjQ6InR5cGUiO3M6NjoiY29sdW1uIjtzOjQ6Im5hbWUiO3M6MjA6ImFjdHVhbF9kZWxpdmVyeV9kYXRlIjtzOjU6ImxhYmVsIjtzOjI1OiLYqtin2LHZitiuINin2YTYqtiz2YTZitmFIjtzOjg6ImlzSGlkZGVuIjtiOjA7czo5OiJpc1RvZ2dsZWQiO2I6MTtzOjEyOiJpc1RvZ2dsZWFibGUiO2I6MDtzOjI0OiJpc1RvZ2dsZWRIaWRkZW5CeURlZmF1bHQiO047fWk6NzthOjc6e3M6NDoidHlwZSI7czo2OiJjb2x1bW4iO3M6NDoibmFtZSI7czo2OiJzdGF0dXMiO3M6NToibGFiZWwiO3M6MTI6Itin2YTYrdin2YTYqSI7czo4OiJpc0hpZGRlbiI7YjowO3M6OToiaXNUb2dnbGVkIjtiOjE7czoxMjoiaXNUb2dnbGVhYmxlIjtiOjA7czoyNDoiaXNUb2dnbGVkSGlkZGVuQnlEZWZhdWx0IjtOO319czo0MDoiOGZhYzZlYjFjZWMyNjgwM2IzZjdmYjQ0MGEyNzExMWJfY29sdW1ucyI7YTo4OntpOjA7YTo3OntzOjQ6InR5cGUiO3M6NjoiY29sdW1uIjtzOjQ6Im5hbWUiO3M6NToiaW5kZXgiO3M6NToibGFiZWwiO3M6MToiIyI7czo4OiJpc0hpZGRlbiI7YjowO3M6OToiaXNUb2dnbGVkIjtiOjE7czoxMjoiaXNUb2dnbGVhYmxlIjtiOjA7czoyNDoiaXNUb2dnbGVkSGlkZGVuQnlEZWZhdWx0IjtOO31pOjE7YTo3OntzOjQ6InR5cGUiO3M6NjoiY29sdW1uIjtzOjQ6Im5hbWUiO3M6NDoibmFtZSI7czo1OiJsYWJlbCI7czoxMDoi2KfZhNin2LPZhSI7czo4OiJpc0hpZGRlbiI7YjowO3M6OToiaXNUb2dnbGVkIjtiOjE7czoxMjoiaXNUb2dnbGVhYmxlIjtiOjA7czoyNDoiaXNUb2dnbGVkSGlkZGVuQnlEZWZhdWx0IjtOO31pOjI7YTo3OntzOjQ6InR5cGUiO3M6NjoiY29sdW1uIjtzOjQ6Im5hbWUiO3M6NDoidW5pdCI7czo1OiJsYWJlbCI7czoxMjoi2KfZhNmI2K3Yr9ipIjtzOjg6ImlzSGlkZGVuIjtiOjA7czo5OiJpc1RvZ2dsZWQiO2I6MTtzOjEyOiJpc1RvZ2dsZWFibGUiO2I6MDtzOjI0OiJpc1RvZ2dsZWRIaWRkZW5CeURlZmF1bHQiO047fWk6MzthOjc6e3M6NDoidHlwZSI7czo2OiJjb2x1bW4iO3M6NDoibmFtZSI7czoxNDoic3RvY2tfcXVhbnRpdHkiO3M6NToibGFiZWwiO3M6Mjk6Itin2YTZg9mF2YrYqSDYp9mE2YXYqtmI2YHYsdipIjtzOjg6ImlzSGlkZGVuIjtiOjA7czo5OiJpc1RvZ2dsZWQiO2I6MTtzOjEyOiJpc1RvZ2dsZWFibGUiO2I6MDtzOjI0OiJpc1RvZ2dsZWRIaWRkZW5CeURlZmF1bHQiO047fWk6NDthOjc6e3M6NDoidHlwZSI7czo2OiJjb2x1bW4iO3M6NDoibmFtZSI7czoxNToid2hvbGVzYWxlX3ByaWNlIjtzOjU6ImxhYmVsIjtzOjE5OiLYs9i52LEg2KfZhNis2YXZhNipIjtzOjg6ImlzSGlkZGVuIjtiOjA7czo5OiJpc1RvZ2dsZWQiO2I6MTtzOjEyOiJpc1RvZ2dsZWFibGUiO2I6MDtzOjI0OiJpc1RvZ2dsZWRIaWRkZW5CeURlZmF1bHQiO047fWk6NTthOjc6e3M6NDoidHlwZSI7czo2OiJjb2x1bW4iO3M6NDoibmFtZSI7czoxMjoicmV0YWlsX3ByaWNlIjtzOjU6ImxhYmVsIjtzOjIxOiLYs9i52LEg2KfZhNmC2LfYp9i52YoiO3M6ODoiaXNIaWRkZW4iO2I6MDtzOjk6ImlzVG9nZ2xlZCI7YjoxO3M6MTI6ImlzVG9nZ2xlYWJsZSI7YjowO3M6MjQ6ImlzVG9nZ2xlZEhpZGRlbkJ5RGVmYXVsdCI7Tjt9aTo2O2E6Nzp7czo0OiJ0eXBlIjtzOjY6ImNvbHVtbiI7czo0OiJuYW1lIjtzOjg6ImRpc2NvdW50IjtzOjU6ImxhYmVsIjtzOjEwOiLYp9mE2K7YtdmFIjtzOjg6ImlzSGlkZGVuIjtiOjA7czo5OiJpc1RvZ2dsZWQiO2I6MTtzOjEyOiJpc1RvZ2dsZWFibGUiO2I6MDtzOjI0OiJpc1RvZ2dsZWRIaWRkZW5CeURlZmF1bHQiO047fWk6NzthOjc6e3M6NDoidHlwZSI7czo2OiJjb2x1bW4iO3M6NDoibmFtZSI7czoxMDoidXBkYXRlZF9hdCI7czo1OiJsYWJlbCI7czoyNToi2KrYp9ix2YrYriDYp9mE2KrYudiv2YrZhCI7czo4OiJpc0hpZGRlbiI7YjowO3M6OToiaXNUb2dnbGVkIjtiOjE7czoxMjoiaXNUb2dnbGVhYmxlIjtiOjE7czoyNDoiaXNUb2dnbGVkSGlkZGVuQnlEZWZhdWx0IjtiOjA7fX1zOjQwOiJhMjRmOGVhMTU5NDQ1NDI3ZWFiNDk0Y2NjNzA5N2NkMF9jb2x1bW5zIjthOjc6e2k6MDthOjc6e3M6NDoidHlwZSI7czo2OiJjb2x1bW4iO3M6NDoibmFtZSI7czoxNDoiaW52b2ljZV9udW1iZXIiO3M6NToibGFiZWwiO3M6MjM6Itix2YLZhSDYp9mE2YHYp9iq2YjYsdipIjtzOjg6ImlzSGlkZGVuIjtiOjA7czo5OiJpc1RvZ2dsZWQiO2I6MTtzOjEyOiJpc1RvZ2dsZWFibGUiO2I6MDtzOjI0OiJpc1RvZ2dsZWRIaWRkZW5CeURlZmF1bHQiO047fWk6MTthOjc6e3M6NDoidHlwZSI7czo2OiJjb2x1bW4iO3M6NDoibmFtZSI7czoxMzoiY3VzdG9tZXIubmFtZSI7czo1OiJsYWJlbCI7czoxOToi2KfYs9mFINin2YTYudmF2YrZhCI7czo4OiJpc0hpZGRlbiI7YjowO3M6OToiaXNUb2dnbGVkIjtiOjE7czoxMjoiaXNUb2dnbGVhYmxlIjtiOjA7czoyNDoiaXNUb2dnbGVkSGlkZGVuQnlEZWZhdWx0IjtOO31pOjI7YTo3OntzOjQ6InR5cGUiO3M6NjoiY29sdW1uIjtzOjQ6Im5hbWUiO3M6MTA6InByaWNlX3R5cGUiO3M6NToibGFiZWwiO3M6MjM6ItmG2YjYuSDYp9mE2YHYp9iq2YjYsdipIjtzOjg6ImlzSGlkZGVuIjtiOjA7czo5OiJpc1RvZ2dsZWQiO2I6MTtzOjEyOiJpc1RvZ2dsZWFibGUiO2I6MDtzOjI0OiJpc1RvZ2dsZWRIaWRkZW5CeURlZmF1bHQiO047fWk6MzthOjc6e3M6NDoidHlwZSI7czo2OiJjb2x1bW4iO3M6NDoibmFtZSI7czoxMjoidG90YWxfYW1vdW50IjtzOjU6ImxhYmVsIjtzOjI5OiLYpdis2YXYp9mE2Yog2KfZhNmB2KfYqtmI2LHYqSI7czo4OiJpc0hpZGRlbiI7YjowO3M6OToiaXNUb2dnbGVkIjtiOjE7czoxMjoiaXNUb2dnbGVhYmxlIjtiOjA7czoyNDoiaXNUb2dnbGVkSGlkZGVuQnlEZWZhdWx0IjtOO31pOjQ7YTo3OntzOjQ6InR5cGUiO3M6NjoiY29sdW1uIjtzOjQ6Im5hbWUiO3M6MTE6ImNyZWF0ZWREYXRlIjtzOjU6ImxhYmVsIjtzOjI3OiLYqtin2LHZitiuINin2YTZgdin2KrZiNix2KkiO3M6ODoiaXNIaWRkZW4iO2I6MDtzOjk6ImlzVG9nZ2xlZCI7YjoxO3M6MTI6ImlzVG9nZ2xlYWJsZSI7YjowO3M6MjQ6ImlzVG9nZ2xlZEhpZGRlbkJ5RGVmYXVsdCI7Tjt9aTo1O2E6Nzp7czo0OiJ0eXBlIjtzOjY6ImNvbHVtbiI7czo0OiJuYW1lIjtzOjExOiJoYXNfcmV0dXJucyI7czo1OiJsYWJlbCI7czoyNDoi2YfZhCDYqNmH2Kcg2YXYsdiq2KzYudifIjtzOjg6ImlzSGlkZGVuIjtiOjA7czo5OiJpc1RvZ2dsZWQiO2I6MTtzOjEyOiJpc1RvZ2dsZWFibGUiO2I6MDtzOjI0OiJpc1RvZ2dsZWRIaWRkZW5CeURlZmF1bHQiO047fWk6NjthOjc6e3M6NDoidHlwZSI7czo2OiJjb2x1bW4iO3M6NDoibmFtZSI7czo2OiJzdGF0dXMiO3M6NToibGFiZWwiO3M6MTI6Itin2YTYrdin2YTYqSI7czo4OiJpc0hpZGRlbiI7YjowO3M6OToiaXNUb2dnbGVkIjtiOjE7czoxMjoiaXNUb2dnbGVhYmxlIjtiOjA7czoyNDoiaXNUb2dnbGVkSGlkZGVuQnlEZWZhdWx0IjtOO319czo0MDoiMTMzNDM3OTA5M2VhZWIxNzIxZTNlMDdhYjU5NmFiMjRfY29sdW1ucyI7YTo2OntpOjA7YTo3OntzOjQ6InR5cGUiO3M6NjoiY29sdW1uIjtzOjQ6Im5hbWUiO3M6NToiaW5kZXgiO3M6NToibGFiZWwiO3M6MToiIyI7czo4OiJpc0hpZGRlbiI7YjowO3M6OToiaXNUb2dnbGVkIjtiOjE7czoxMjoiaXNUb2dnbGVhYmxlIjtiOjA7czoyNDoiaXNUb2dnbGVkSGlkZGVuQnlEZWZhdWx0IjtOO31pOjE7YTo3OntzOjQ6InR5cGUiO3M6NjoiY29sdW1uIjtzOjQ6Im5hbWUiO3M6NDoibmFtZSI7czo1OiJsYWJlbCI7czoxOToi2KfYs9mFINin2YTZhdmI2LHYryI7czo4OiJpc0hpZGRlbiI7YjowO3M6OToiaXNUb2dnbGVkIjtiOjE7czoxMjoiaXNUb2dnbGVhYmxlIjtiOjA7czoyNDoiaXNUb2dnbGVkSGlkZGVuQnlEZWZhdWx0IjtOO31pOjI7YTo3OntzOjQ6InR5cGUiO3M6NjoiY29sdW1uIjtzOjQ6Im5hbWUiO3M6NToicGhvbmUiO3M6NToibGFiZWwiO3M6MTk6Itix2YLZhSDYp9mE2YfYp9iq2YEiO3M6ODoiaXNIaWRkZW4iO2I6MDtzOjk6ImlzVG9nZ2xlZCI7YjoxO3M6MTI6ImlzVG9nZ2xlYWJsZSI7YjowO3M6MjQ6ImlzVG9nZ2xlZEhpZGRlbkJ5RGVmYXVsdCI7Tjt9aTozO2E6Nzp7czo0OiJ0eXBlIjtzOjY6ImNvbHVtbiI7czo0OiJuYW1lIjtzOjc6ImJhbGFuY2UiO3M6NToibGFiZWwiO3M6MjE6Itix2LXZitivINin2YTZhdmI2LHYryI7czo4OiJpc0hpZGRlbiI7YjowO3M6OToiaXNUb2dnbGVkIjtiOjE7czoxMjoiaXNUb2dnbGVhYmxlIjtiOjA7czoyNDoiaXNUb2dnbGVkSGlkZGVuQnlEZWZhdWx0IjtOO31pOjQ7YTo3OntzOjQ6InR5cGUiO3M6NjoiY29sdW1uIjtzOjQ6Im5hbWUiO3M6NzoiYWRkcmVzcyI7czo1OiJsYWJlbCI7czoxNDoi2KfZhNi52YbZiNin2YYiO3M6ODoiaXNIaWRkZW4iO2I6MDtzOjk6ImlzVG9nZ2xlZCI7YjoxO3M6MTI6ImlzVG9nZ2xlYWJsZSI7YjowO3M6MjQ6ImlzVG9nZ2xlZEhpZGRlbkJ5RGVmYXVsdCI7Tjt9aTo1O2E6Nzp7czo0OiJ0eXBlIjtzOjY6ImNvbHVtbiI7czo0OiJuYW1lIjtzOjEwOiJjcmVhdGVkX2F0IjtzOjU6ImxhYmVsIjtzOjI1OiLYqtin2LHZitiuINin2YTYpdi22KfZgdipIjtzOjg6ImlzSGlkZGVuIjtiOjA7czo5OiJpc1RvZ2dsZWQiO2I6MTtzOjEyOiJpc1RvZ2dsZWFibGUiO2I6MDtzOjI0OiJpc1RvZ2dsZWRIaWRkZW5CeURlZmF1bHQiO047fX1zOjQwOiJlYjcwMmZhOTkzYWFiMGFjYjAwN2QyYWYwZWFlNmZjN19jb2x1bW5zIjthOjY6e2k6MDthOjc6e3M6NDoidHlwZSI7czo2OiJjb2x1bW4iO3M6NDoibmFtZSI7czoyMToicmV0dXJuX2ludm9pY2VfbnVtYmVyIjtzOjU6ImxhYmVsIjtzOjIzOiLYsdmC2YUg2KfZhNmB2KfYqtmI2LHYqSI7czo4OiJpc0hpZGRlbiI7YjowO3M6OToiaXNUb2dnbGVkIjtiOjE7czoxMjoiaXNUb2dnbGVhYmxlIjtiOjA7czoyNDoiaXNUb2dnbGVkSGlkZGVuQnlEZWZhdWx0IjtOO31pOjE7YTo3OntzOjQ6InR5cGUiO3M6NjoiY29sdW1uIjtzOjQ6Im5hbWUiO3M6MTM6ImN1c3RvbWVyLm5hbWUiO3M6NToibGFiZWwiO3M6MTk6Itin2LPZhSDYp9mE2LnZhdmK2YQiO3M6ODoiaXNIaWRkZW4iO2I6MDtzOjk6ImlzVG9nZ2xlZCI7YjoxO3M6MTI6ImlzVG9nZ2xlYWJsZSI7YjowO3M6MjQ6ImlzVG9nZ2xlZEhpZGRlbkJ5RGVmYXVsdCI7Tjt9aToyO2E6Nzp7czo0OiJ0eXBlIjtzOjY6ImNvbHVtbiI7czo0OiJuYW1lIjtzOjIzOiJvcmlnaW5hbF9pbnZvaWNlX251bWJlciI7czo1OiJsYWJlbCI7czoyOToi2YHYp9iq2YjYsdipINin2YTZhdio2YrYudin2KoiO3M6ODoiaXNIaWRkZW4iO2I6MDtzOjk6ImlzVG9nZ2xlZCI7YjoxO3M6MTI6ImlzVG9nZ2xlYWJsZSI7YjowO3M6MjQ6ImlzVG9nZ2xlZEhpZGRlbkJ5RGVmYXVsdCI7Tjt9aTozO2E6Nzp7czo0OiJ0eXBlIjtzOjY6ImNvbHVtbiI7czo0OiJuYW1lIjtzOjExOiJpdGVtc19jb3VudCI7czo1OiJsYWJlbCI7czoyMToi2LnYr9ivINin2YTYo9i12YbYp9mBIjtzOjg6ImlzSGlkZGVuIjtiOjA7czo5OiJpc1RvZ2dsZWQiO2I6MTtzOjEyOiJpc1RvZ2dsZWFibGUiO2I6MDtzOjI0OiJpc1RvZ2dsZWRIaWRkZW5CeURlZmF1bHQiO047fWk6NDthOjc6e3M6NDoidHlwZSI7czo2OiJjb2x1bW4iO3M6NDoibmFtZSI7czoxMToiY3JlYXRlZERhdGUiO3M6NToibGFiZWwiO3M6MjU6Itiq2KfYsdmK2K4g2KfZhNil2YbYtNin2KEiO3M6ODoiaXNIaWRkZW4iO2I6MDtzOjk6ImlzVG9nZ2xlZCI7YjoxO3M6MTI6ImlzVG9nZ2xlYWJsZSI7YjowO3M6MjQ6ImlzVG9nZ2xlZEhpZGRlbkJ5RGVmYXVsdCI7Tjt9aTo1O2E6Nzp7czo0OiJ0eXBlIjtzOjY6ImNvbHVtbiI7czo0OiJuYW1lIjtzOjExOiJjcmVhdGVkVGltZSI7czo1OiJsYWJlbCI7czoyMToi2YjZgtiqINin2YTYpdmG2LTYp9ihIjtzOjg6ImlzSGlkZGVuIjtiOjA7czo5OiJpc1RvZ2dsZWQiO2I6MTtzOjEyOiJpc1RvZ2dsZWFibGUiO2I6MDtzOjI0OiJpc1RvZ2dsZWRIaWRkZW5CeURlZmF1bHQiO047fX1zOjQwOiJlNjQ0ODMzZjRlNGUwODcxMjMxNWRhNzFiMzNmYWNkMl9jb2x1bW5zIjthOjU6e2k6MDthOjc6e3M6NDoidHlwZSI7czo2OiJjb2x1bW4iO3M6NDoibmFtZSI7czo0OiJuYW1lIjtzOjU6ImxhYmVsIjtzOjI1OiLYp9mE2KXYs9mFINio2KfZhNi52LHYqNmKIjtzOjg6ImlzSGlkZGVuIjtiOjA7czo5OiJpc1RvZ2dsZWQiO2I6MTtzOjEyOiJpc1RvZ2dsZWFibGUiO2I6MDtzOjI0OiJpc1RvZ2dsZWRIaWRkZW5CeURlZmF1bHQiO047fWk6MTthOjc6e3M6NDoidHlwZSI7czo2OiJjb2x1bW4iO3M6NDoibmFtZSI7czo4OiJ1c2VybmFtZSI7czo1OiJsYWJlbCI7czoxOToi2KXYs9mFINin2YTYr9iu2YjZhCI7czo4OiJpc0hpZGRlbiI7YjowO3M6OToiaXNUb2dnbGVkIjtiOjE7czoxMjoiaXNUb2dnbGVhYmxlIjtiOjA7czoyNDoiaXNUb2dnbGVkSGlkZGVuQnlEZWZhdWx0IjtOO31pOjI7YTo3OntzOjQ6InR5cGUiO3M6NjoiY29sdW1uIjtzOjQ6Im5hbWUiO3M6NDoicm9sZSI7czo1OiJsYWJlbCI7czoxNDoi2KfZhNmI2LjZitmB2KkiO3M6ODoiaXNIaWRkZW4iO2I6MDtzOjk6ImlzVG9nZ2xlZCI7YjoxO3M6MTI6ImlzVG9nZ2xlYWJsZSI7YjowO3M6MjQ6ImlzVG9nZ2xlZEhpZGRlbkJ5RGVmYXVsdCI7Tjt9aTozO2E6Nzp7czo0OiJ0eXBlIjtzOjY6ImNvbHVtbiI7czo0OiJuYW1lIjtzOjY6InN0YXR1cyI7czo1OiJsYWJlbCI7czoxMjoi2KfZhNit2KfZhNipIjtzOjg6ImlzSGlkZGVuIjtiOjA7czo5OiJpc1RvZ2dsZWQiO2I6MTtzOjEyOiJpc1RvZ2dsZWFibGUiO2I6MDtzOjI0OiJpc1RvZ2dsZWRIaWRkZW5CeURlZmF1bHQiO047fWk6NDthOjc6e3M6NDoidHlwZSI7czo2OiJjb2x1bW4iO3M6NDoibmFtZSI7czoxMDoiY3JlYXRlZF9hdCI7czo1OiJsYWJlbCI7czoyNToi2KrYp9ix2YrYriDYp9mE2KrYs9is2YrZhCI7czo4OiJpc0hpZGRlbiI7YjowO3M6OToiaXNUb2dnbGVkIjtiOjE7czoxMjoiaXNUb2dnbGVhYmxlIjtiOjA7czoyNDoiaXNUb2dnbGVkSGlkZGVuQnlEZWZhdWx0IjtOO319czo0MDoiZWM1ZDcxMzhkMzM0OGRkOGVkYmU2NTQzNzdlYWVlNDFfY29sdW1ucyI7YTo3OntpOjA7YTo3OntzOjQ6InR5cGUiO3M6NjoiY29sdW1uIjtzOjQ6Im5hbWUiO3M6NToiaW5kZXgiO3M6NToibGFiZWwiO3M6MToiIyI7czo4OiJpc0hpZGRlbiI7YjowO3M6OToiaXNUb2dnbGVkIjtiOjE7czoxMjoiaXNUb2dnbGVhYmxlIjtiOjA7czoyNDoiaXNUb2dnbGVkSGlkZGVuQnlEZWZhdWx0IjtOO31pOjE7YTo3OntzOjQ6InR5cGUiO3M6NjoiY29sdW1uIjtzOjQ6Im5hbWUiO3M6NDoidHlwZSI7czo1OiJsYWJlbCI7czoxOToi2YbZiNi5INin2YTYrdix2YPYqSI7czo4OiJpc0hpZGRlbiI7YjowO3M6OToiaXNUb2dnbGVkIjtiOjE7czoxMjoiaXNUb2dnbGVhYmxlIjtiOjA7czoyNDoiaXNUb2dnbGVkSGlkZGVuQnlEZWZhdWx0IjtOO31pOjI7YTo3OntzOjQ6InR5cGUiO3M6NjoiY29sdW1uIjtzOjQ6Im5hbWUiO3M6NjoiYW1vdW50IjtzOjU6ImxhYmVsIjtzOjEyOiLYp9mE2YPZhdmK2KkiO3M6ODoiaXNIaWRkZW4iO2I6MDtzOjk6ImlzVG9nZ2xlZCI7YjoxO3M6MTI6ImlzVG9nZ2xlYWJsZSI7YjowO3M6MjQ6ImlzVG9nZ2xlZEhpZGRlbkJ5RGVmYXVsdCI7Tjt9aTozO2E6Nzp7czo0OiJ0eXBlIjtzOjY6ImNvbHVtbiI7czo0OiJuYW1lIjtzOjIyOiJpbnZvaWNlLmludm9pY2VfbnVtYmVyIjtzOjU6ImxhYmVsIjtzOjI1OiLYs9it2Kgg2KjYp9mE2YHYp9iq2YjYsdipIjtzOjg6ImlzSGlkZGVuIjtiOjA7czo5OiJpc1RvZ2dsZWQiO2I6MTtzOjEyOiJpc1RvZ2dsZWFibGUiO2I6MDtzOjI0OiJpc1RvZ2dsZWRIaWRkZW5CeURlZmF1bHQiO047fWk6NDthOjc6e3M6NDoidHlwZSI7czo2OiJjb2x1bW4iO3M6NDoibmFtZSI7czo1OiJub3RlcyI7czo1OiJsYWJlbCI7czoyNzoi2YXZhNin2K3YuNin2Kog2KfZhNit2LHZg9ipIjtzOjg6ImlzSGlkZGVuIjtiOjA7czo5OiJpc1RvZ2dsZWQiO2I6MTtzOjEyOiJpc1RvZ2dsZWFibGUiO2I6MDtzOjI0OiJpc1RvZ2dsZWRIaWRkZW5CeURlZmF1bHQiO047fWk6NTthOjc6e3M6NDoidHlwZSI7czo2OiJjb2x1bW4iO3M6NDoibmFtZSI7czoxMToiY3JlYXRlZERhdGUiO3M6NToibGFiZWwiO3M6MjU6Itiq2KfYsdmK2K4g2KfZhNil2LbYp9mB2KkiO3M6ODoiaXNIaWRkZW4iO2I6MDtzOjk6ImlzVG9nZ2xlZCI7YjoxO3M6MTI6ImlzVG9nZ2xlYWJsZSI7YjowO3M6MjQ6ImlzVG9nZ2xlZEhpZGRlbkJ5RGVmYXVsdCI7Tjt9aTo2O2E6Nzp7czo0OiJ0eXBlIjtzOjY6ImNvbHVtbiI7czo0OiJuYW1lIjtzOjExOiJjcmVhdGVkVGltZSI7czo1OiJsYWJlbCI7czoyMToi2YjZgtiqINin2YTYpdi22KfZgdipIjtzOjg6ImlzSGlkZGVuIjtiOjA7czo5OiJpc1RvZ2dsZWQiO2I6MTtzOjEyOiJpc1RvZ2dsZWFibGUiO2I6MDtzOjI0OiJpc1RvZ2dsZWRIaWRkZW5CeURlZmF1bHQiO047fX19czo5OiJfcHJldmlvdXMiO2E6MTp7czozOiJ1cmwiO3M6MzY6Imh0dHBzOi8vaHVzcy5ob3NzYW0uaW5mby9pbnZvaWNlcy8xMSI7fXM6NjoiX2ZsYXNoIjthOjI6e3M6Mzoib2xkIjthOjA6e31zOjM6Im5ldyI7YTowOnt9fXM6ODoiZmlsYW1lbnQiO2E6MDp7fXM6MTI6InByZXZpb3VzX3VybCI7czozNDoiaHR0cHM6Ly9odXNzLmhvc3NhbS5pbmZvL2N1c3RvbWVycyI7fQ==', 1761237144),
('uUS0s0ptH8Z0Z4fotolqAjyFhDn1V1bqIq8tyAKr', 1, '156.197.63.7', 'Mozilla/5.0 (Windows NT 10.0; Win64; x64) AppleWebKit/537.36 (KHTML, like Gecko) Chrome/141.0.0.0 Safari/537.36', 'YTo4OntzOjY6Il90b2tlbiI7czo0MDoiWFdzYjdSS3Nha2Z6SjlaQlRqZE9sSVFQUzZNQmdEaFZXWEJjZndaNCI7czozOiJ1cmwiO2E6MDp7fXM6OToiX3ByZXZpb3VzIjthOjE6e3M6MzoidXJsIjtzOjQxOiJodHRwczovL2h1c3MuaG9zc2FtLmluZm8vcHJvZHVjdHM/cGFnZT0xOCI7fXM6NjoiX2ZsYXNoIjthOjI6e3M6Mzoib2xkIjthOjA6e31zOjM6Im5ldyI7YTowOnt9fXM6NTA6ImxvZ2luX3dlYl81OWJhMzZhZGRjMmIyZjk0MDE1ODBmMDE0YzdmNThlYTRlMzA5ODlkIjtpOjE7czoxNzoicGFzc3dvcmRfaGFzaF93ZWIiO3M6NjA6IiQyeSQxMiRNbVNSUkdKdGVVMlNGYi4wU1JMZUR1T1J2bXNCc0lzcGVIMldZdDM3b1hoQ1Q2ZHgwT3RpbSI7czo2OiJ0YWJsZXMiO2E6ODp7czo0MDoiMzE4YmMwOTc5MjIzYjI0N2JiMTljZmNjYjUxOGZkNjlfY29sdW1ucyI7YTo0OntpOjA7YTo3OntzOjQ6InR5cGUiO3M6NjoiY29sdW1uIjtzOjQ6Im5hbWUiO3M6MTQ6Imludm9pY2VfbnVtYmVyIjtzOjU6ImxhYmVsIjtzOjIzOiLYsdmC2YUg2KfZhNmB2KfYqtmI2LHYqSI7czo4OiJpc0hpZGRlbiI7YjowO3M6OToiaXNUb2dnbGVkIjtiOjE7czoxMjoiaXNUb2dnbGVhYmxlIjtiOjA7czoyNDoiaXNUb2dnbGVkSGlkZGVuQnlEZWZhdWx0IjtOO31pOjE7YTo3OntzOjQ6InR5cGUiO3M6NjoiY29sdW1uIjtzOjQ6Im5hbWUiO3M6MTM6InN1cHBsaWVyLm5hbWUiO3M6NToibGFiZWwiO3M6MTk6Itin2LPZhSDYp9mE2YXZiNix2K8iO3M6ODoiaXNIaWRkZW4iO2I6MDtzOjk6ImlzVG9nZ2xlZCI7YjoxO3M6MTI6ImlzVG9nZ2xlYWJsZSI7YjowO3M6MjQ6ImlzVG9nZ2xlZEhpZGRlbkJ5RGVmYXVsdCI7Tjt9aToyO2E6Nzp7czo0OiJ0eXBlIjtzOjY6ImNvbHVtbiI7czo0OiJuYW1lIjtzOjEyOiJ0b3RhbF9hbW91bnQiO3M6NToibGFiZWwiO3M6Mjk6Itil2KzZhdin2YTZiiDYp9mE2YHYp9iq2YjYsdipIjtzOjg6ImlzSGlkZGVuIjtiOjA7czo5OiJpc1RvZ2dsZWQiO2I6MTtzOjEyOiJpc1RvZ2dsZWFibGUiO2I6MDtzOjI0OiJpc1RvZ2dsZWRIaWRkZW5CeURlZmF1bHQiO047fWk6MzthOjc6e3M6NDoidHlwZSI7czo2OiJjb2x1bW4iO3M6NDoibmFtZSI7czoxMDoiY3JlYXRlZF9hdCI7czo1OiJsYWJlbCI7czoyNzoi2KrYp9ix2YrYriDYp9mE2YHYp9iq2YjYsdipIjtzOjg6ImlzSGlkZGVuIjtiOjA7czo5OiJpc1RvZ2dsZWQiO2I6MTtzOjEyOiJpc1RvZ2dsZWFibGUiO2I6MDtzOjI0OiJpc1RvZ2dsZWRIaWRkZW5CeURlZmF1bHQiO047fX1zOjQwOiJlYjcwMmZhOTkzYWFiMGFjYjAwN2QyYWYwZWFlNmZjN19jb2x1bW5zIjthOjY6e2k6MDthOjc6e3M6NDoidHlwZSI7czo2OiJjb2x1bW4iO3M6NDoibmFtZSI7czoyMToicmV0dXJuX2ludm9pY2VfbnVtYmVyIjtzOjU6ImxhYmVsIjtzOjIzOiLYsdmC2YUg2KfZhNmB2KfYqtmI2LHYqSI7czo4OiJpc0hpZGRlbiI7YjowO3M6OToiaXNUb2dnbGVkIjtiOjE7czoxMjoiaXNUb2dnbGVhYmxlIjtiOjA7czoyNDoiaXNUb2dnbGVkSGlkZGVuQnlEZWZhdWx0IjtOO31pOjE7YTo3OntzOjQ6InR5cGUiO3M6NjoiY29sdW1uIjtzOjQ6Im5hbWUiO3M6MTM6ImN1c3RvbWVyLm5hbWUiO3M6NToibGFiZWwiO3M6MTk6Itin2LPZhSDYp9mE2LnZhdmK2YQiO3M6ODoiaXNIaWRkZW4iO2I6MDtzOjk6ImlzVG9nZ2xlZCI7YjoxO3M6MTI6ImlzVG9nZ2xlYWJsZSI7YjowO3M6MjQ6ImlzVG9nZ2xlZEhpZGRlbkJ5RGVmYXVsdCI7Tjt9aToyO2E6Nzp7czo0OiJ0eXBlIjtzOjY6ImNvbHVtbiI7czo0OiJuYW1lIjtzOjIzOiJvcmlnaW5hbF9pbnZvaWNlX251bWJlciI7czo1OiJsYWJlbCI7czoyOToi2YHYp9iq2YjYsdipINin2YTZhdio2YrYudin2KoiO3M6ODoiaXNIaWRkZW4iO2I6MDtzOjk6ImlzVG9nZ2xlZCI7YjoxO3M6MTI6ImlzVG9nZ2xlYWJsZSI7YjowO3M6MjQ6ImlzVG9nZ2xlZEhpZGRlbkJ5RGVmYXVsdCI7Tjt9aTozO2E6Nzp7czo0OiJ0eXBlIjtzOjY6ImNvbHVtbiI7czo0OiJuYW1lIjtzOjExOiJpdGVtc19jb3VudCI7czo1OiJsYWJlbCI7czoyMToi2LnYr9ivINin2YTYo9i12YbYp9mBIjtzOjg6ImlzSGlkZGVuIjtiOjA7czo5OiJpc1RvZ2dsZWQiO2I6MTtzOjEyOiJpc1RvZ2dsZWFibGUiO2I6MDtzOjI0OiJpc1RvZ2dsZWRIaWRkZW5CeURlZmF1bHQiO047fWk6NDthOjc6e3M6NDoidHlwZSI7czo2OiJjb2x1bW4iO3M6NDoibmFtZSI7czoxMToiY3JlYXRlZERhdGUiO3M6NToibGFiZWwiO3M6MjU6Itiq2KfYsdmK2K4g2KfZhNil2YbYtNin2KEiO3M6ODoiaXNIaWRkZW4iO2I6MDtzOjk6ImlzVG9nZ2xlZCI7YjoxO3M6MTI6ImlzVG9nZ2xlYWJsZSI7YjowO3M6MjQ6ImlzVG9nZ2xlZEhpZGRlbkJ5RGVmYXVsdCI7Tjt9aTo1O2E6Nzp7czo0OiJ0eXBlIjtzOjY6ImNvbHVtbiI7czo0OiJuYW1lIjtzOjExOiJjcmVhdGVkVGltZSI7czo1OiJsYWJlbCI7czoyMToi2YjZgtiqINin2YTYpdmG2LTYp9ihIjtzOjg6ImlzSGlkZGVuIjtiOjA7czo5OiJpc1RvZ2dsZWQiO2I6MTtzOjEyOiJpc1RvZ2dsZWFibGUiO2I6MDtzOjI0OiJpc1RvZ2dsZWRIaWRkZW5CeURlZmF1bHQiO047fX1zOjQwOiJhMjRmOGVhMTU5NDQ1NDI3ZWFiNDk0Y2NjNzA5N2NkMF9jb2x1bW5zIjthOjc6e2k6MDthOjc6e3M6NDoidHlwZSI7czo2OiJjb2x1bW4iO3M6NDoibmFtZSI7czoxNDoiaW52b2ljZV9udW1iZXIiO3M6NToibGFiZWwiO3M6MjM6Itix2YLZhSDYp9mE2YHYp9iq2YjYsdipIjtzOjg6ImlzSGlkZGVuIjtiOjA7czo5OiJpc1RvZ2dsZWQiO2I6MTtzOjEyOiJpc1RvZ2dsZWFibGUiO2I6MDtzOjI0OiJpc1RvZ2dsZWRIaWRkZW5CeURlZmF1bHQiO047fWk6MTthOjc6e3M6NDoidHlwZSI7czo2OiJjb2x1bW4iO3M6NDoibmFtZSI7czoxMzoiY3VzdG9tZXIubmFtZSI7czo1OiJsYWJlbCI7czoxOToi2KfYs9mFINin2YTYudmF2YrZhCI7czo4OiJpc0hpZGRlbiI7YjowO3M6OToiaXNUb2dnbGVkIjtiOjE7czoxMjoiaXNUb2dnbGVhYmxlIjtiOjA7czoyNDoiaXNUb2dnbGVkSGlkZGVuQnlEZWZhdWx0IjtOO31pOjI7YTo3OntzOjQ6InR5cGUiO3M6NjoiY29sdW1uIjtzOjQ6Im5hbWUiO3M6MTA6InByaWNlX3R5cGUiO3M6NToibGFiZWwiO3M6MjM6ItmG2YjYuSDYp9mE2YHYp9iq2YjYsdipIjtzOjg6ImlzSGlkZGVuIjtiOjA7czo5OiJpc1RvZ2dsZWQiO2I6MTtzOjEyOiJpc1RvZ2dsZWFibGUiO2I6MDtzOjI0OiJpc1RvZ2dsZWRIaWRkZW5CeURlZmF1bHQiO047fWk6MzthOjc6e3M6NDoidHlwZSI7czo2OiJjb2x1bW4iO3M6NDoibmFtZSI7czoxMjoidG90YWxfYW1vdW50IjtzOjU6ImxhYmVsIjtzOjI5OiLYpdis2YXYp9mE2Yog2KfZhNmB2KfYqtmI2LHYqSI7czo4OiJpc0hpZGRlbiI7YjowO3M6OToiaXNUb2dnbGVkIjtiOjE7czoxMjoiaXNUb2dnbGVhYmxlIjtiOjA7czoyNDoiaXNUb2dnbGVkSGlkZGVuQnlEZWZhdWx0IjtOO31pOjQ7YTo3OntzOjQ6InR5cGUiO3M6NjoiY29sdW1uIjtzOjQ6Im5hbWUiO3M6MTE6ImNyZWF0ZWREYXRlIjtzOjU6ImxhYmVsIjtzOjI3OiLYqtin2LHZitiuINin2YTZgdin2KrZiNix2KkiO3M6ODoiaXNIaWRkZW4iO2I6MDtzOjk6ImlzVG9nZ2xlZCI7YjoxO3M6MTI6ImlzVG9nZ2xlYWJsZSI7YjowO3M6MjQ6ImlzVG9nZ2xlZEhpZGRlbkJ5RGVmYXVsdCI7Tjt9aTo1O2E6Nzp7czo0OiJ0eXBlIjtzOjY6ImNvbHVtbiI7czo0OiJuYW1lIjtzOjExOiJoYXNfcmV0dXJucyI7czo1OiJsYWJlbCI7czoyNDoi2YfZhCDYqNmH2Kcg2YXYsdiq2KzYudifIjtzOjg6ImlzSGlkZGVuIjtiOjA7czo5OiJpc1RvZ2dsZWQiO2I6MTtzOjEyOiJpc1RvZ2dsZWFibGUiO2I6MDtzOjI0OiJpc1RvZ2dsZWRIaWRkZW5CeURlZmF1bHQiO047fWk6NjthOjc6e3M6NDoidHlwZSI7czo2OiJjb2x1bW4iO3M6NDoibmFtZSI7czo2OiJzdGF0dXMiO3M6NToibGFiZWwiO3M6MTI6Itin2YTYrdin2YTYqSI7czo4OiJpc0hpZGRlbiI7YjowO3M6OToiaXNUb2dnbGVkIjtiOjE7czoxMjoiaXNUb2dnbGVhYmxlIjtiOjA7czoyNDoiaXNUb2dnbGVkSGlkZGVuQnlEZWZhdWx0IjtOO319czo0MDoiNWZhYTc0YzViZjY2NDA3ZjQ4ZTEzMTE1MmE1NGZhZDhfY29sdW1ucyI7YTo4OntpOjA7YTo3OntzOjQ6InR5cGUiO3M6NjoiY29sdW1uIjtzOjQ6Im5hbWUiO3M6MTI6InByb2R1Y3RfbmFtZSI7czo1OiJsYWJlbCI7czoxNzoi2KfYs9mFINin2YTYtdmG2YEiO3M6ODoiaXNIaWRkZW4iO2I6MDtzOjk6ImlzVG9nZ2xlZCI7YjoxO3M6MTI6ImlzVG9nZ2xlYWJsZSI7YjowO3M6MjQ6ImlzVG9nZ2xlZEhpZGRlbkJ5RGVmYXVsdCI7Tjt9aToxO2E6Nzp7czo0OiJ0eXBlIjtzOjY6ImNvbHVtbiI7czo0OiJuYW1lIjtzOjEyOiJmYWN0b3J5X25hbWUiO3M6NToibGFiZWwiO3M6MTk6Itin2LPZhSDYp9mE2YXYtdmG2LkiO3M6ODoiaXNIaWRkZW4iO2I6MDtzOjk6ImlzVG9nZ2xlZCI7YjoxO3M6MTI6ImlzVG9nZ2xlYWJsZSI7YjowO3M6MjQ6ImlzVG9nZ2xlZEhpZGRlbkJ5RGVmYXVsdCI7Tjt9aToyO2E6Nzp7czo0OiJ0eXBlIjtzOjY6ImNvbHVtbiI7czo0OiJuYW1lIjtzOjg6InF1YW50aXR5IjtzOjU6ImxhYmVsIjtzOjEyOiLYp9mE2YPZhdmK2KkiO3M6ODoiaXNIaWRkZW4iO2I6MDtzOjk6ImlzVG9nZ2xlZCI7YjoxO3M6MTI6ImlzVG9nZ2xlYWJsZSI7YjowO3M6MjQ6ImlzVG9nZ2xlZEhpZGRlbkJ5RGVmYXVsdCI7Tjt9aTozO2E6Nzp7czo0OiJ0eXBlIjtzOjY6ImNvbHVtbiI7czo0OiJuYW1lIjtzOjQ6InNpemUiO3M6NToibGFiZWwiO3M6MTI6Itin2YTZhdmC2KfYsyI7czo4OiJpc0hpZGRlbiI7YjowO3M6OToiaXNUb2dnbGVkIjtiOjE7czoxMjoiaXNUb2dnbGVhYmxlIjtiOjA7czoyNDoiaXNUb2dnbGVkSGlkZGVuQnlEZWZhdWx0IjtOO31pOjQ7YTo3OntzOjQ6InR5cGUiO3M6NjoiY29sdW1uIjtzOjQ6Im5hbWUiO3M6MTA6InRvdGFsX2Nvc3QiO3M6NToibGFiZWwiO3M6MTQ6Itin2YTYqtmD2YTZgdipIjtzOjg6ImlzSGlkZGVuIjtiOjA7czo5OiJpc1RvZ2dsZWQiO2I6MTtzOjEyOiJpc1RvZ2dsZWFibGUiO2I6MDtzOjI0OiJpc1RvZ2dsZWRIaWRkZW5CeURlZmF1bHQiO047fWk6NTthOjc6e3M6NDoidHlwZSI7czo2OiJjb2x1bW4iO3M6NDoibmFtZSI7czoxMDoic3RhcnRfZGF0ZSI7czo1OiJsYWJlbCI7czoyMToi2KrYp9ix2YrYriDYp9mE2KjYr9ihIjtzOjg6ImlzSGlkZGVuIjtiOjA7czo5OiJpc1RvZ2dsZWQiO2I6MTtzOjEyOiJpc1RvZ2dsZWFibGUiO2I6MDtzOjI0OiJpc1RvZ2dsZWRIaWRkZW5CeURlZmF1bHQiO047fWk6NjthOjc6e3M6NDoidHlwZSI7czo2OiJjb2x1bW4iO3M6NDoibmFtZSI7czoyMDoiYWN0dWFsX2RlbGl2ZXJ5X2RhdGUiO3M6NToibGFiZWwiO3M6MjU6Itiq2KfYsdmK2K4g2KfZhNiq2LPZhNmK2YUiO3M6ODoiaXNIaWRkZW4iO2I6MDtzOjk6ImlzVG9nZ2xlZCI7YjoxO3M6MTI6ImlzVG9nZ2xlYWJsZSI7YjowO3M6MjQ6ImlzVG9nZ2xlZEhpZGRlbkJ5RGVmYXVsdCI7Tjt9aTo3O2E6Nzp7czo0OiJ0eXBlIjtzOjY6ImNvbHVtbiI7czo0OiJuYW1lIjtzOjY6InN0YXR1cyI7czo1OiJsYWJlbCI7czoxMjoi2KfZhNit2KfZhNipIjtzOjg6ImlzSGlkZGVuIjtiOjA7czo5OiJpc1RvZ2dsZWQiO2I6MTtzOjEyOiJpc1RvZ2dsZWFibGUiO2I6MDtzOjI0OiJpc1RvZ2dsZWRIaWRkZW5CeURlZmF1bHQiO047fX1zOjQwOiI4ZmFjNmViMWNlYzI2ODAzYjNmN2ZiNDQwYTI3MTExYl9jb2x1bW5zIjthOjg6e2k6MDthOjc6e3M6NDoidHlwZSI7czo2OiJjb2x1bW4iO3M6NDoibmFtZSI7czo1OiJpbmRleCI7czo1OiJsYWJlbCI7czoxOiIjIjtzOjg6ImlzSGlkZGVuIjtiOjA7czo5OiJpc1RvZ2dsZWQiO2I6MTtzOjEyOiJpc1RvZ2dsZWFibGUiO2I6MDtzOjI0OiJpc1RvZ2dsZWRIaWRkZW5CeURlZmF1bHQiO047fWk6MTthOjc6e3M6NDoidHlwZSI7czo2OiJjb2x1bW4iO3M6NDoibmFtZSI7czo0OiJuYW1lIjtzOjU6ImxhYmVsIjtzOjEwOiLYp9mE2KfYs9mFIjtzOjg6ImlzSGlkZGVuIjtiOjA7czo5OiJpc1RvZ2dsZWQiO2I6MTtzOjEyOiJpc1RvZ2dsZWFibGUiO2I6MDtzOjI0OiJpc1RvZ2dsZWRIaWRkZW5CeURlZmF1bHQiO047fWk6MjthOjc6e3M6NDoidHlwZSI7czo2OiJjb2x1bW4iO3M6NDoibmFtZSI7czo0OiJ1bml0IjtzOjU6ImxhYmVsIjtzOjEyOiLYp9mE2YjYrdiv2KkiO3M6ODoiaXNIaWRkZW4iO2I6MDtzOjk6ImlzVG9nZ2xlZCI7YjoxO3M6MTI6ImlzVG9nZ2xlYWJsZSI7YjowO3M6MjQ6ImlzVG9nZ2xlZEhpZGRlbkJ5RGVmYXVsdCI7Tjt9aTozO2E6Nzp7czo0OiJ0eXBlIjtzOjY6ImNvbHVtbiI7czo0OiJuYW1lIjtzOjE0OiJzdG9ja19xdWFudGl0eSI7czo1OiJsYWJlbCI7czoyOToi2KfZhNmD2YXZitipINin2YTZhdiq2YjZgdix2KkiO3M6ODoiaXNIaWRkZW4iO2I6MDtzOjk6ImlzVG9nZ2xlZCI7YjoxO3M6MTI6ImlzVG9nZ2xlYWJsZSI7YjowO3M6MjQ6ImlzVG9nZ2xlZEhpZGRlbkJ5RGVmYXVsdCI7Tjt9aTo0O2E6Nzp7czo0OiJ0eXBlIjtzOjY6ImNvbHVtbiI7czo0OiJuYW1lIjtzOjE1OiJ3aG9sZXNhbGVfcHJpY2UiO3M6NToibGFiZWwiO3M6MTk6Itiz2LnYsSDYp9mE2KzZhdmE2KkiO3M6ODoiaXNIaWRkZW4iO2I6MDtzOjk6ImlzVG9nZ2xlZCI7YjoxO3M6MTI6ImlzVG9nZ2xlYWJsZSI7YjowO3M6MjQ6ImlzVG9nZ2xlZEhpZGRlbkJ5RGVmYXVsdCI7Tjt9aTo1O2E6Nzp7czo0OiJ0eXBlIjtzOjY6ImNvbHVtbiI7czo0OiJuYW1lIjtzOjEyOiJyZXRhaWxfcHJpY2UiO3M6NToibGFiZWwiO3M6MjE6Itiz2LnYsSDYp9mE2YLYt9in2LnZiiI7czo4OiJpc0hpZGRlbiI7YjowO3M6OToiaXNUb2dnbGVkIjtiOjE7czoxMjoiaXNUb2dnbGVhYmxlIjtiOjA7czoyNDoiaXNUb2dnbGVkSGlkZGVuQnlEZWZhdWx0IjtOO31pOjY7YTo3OntzOjQ6InR5cGUiO3M6NjoiY29sdW1uIjtzOjQ6Im5hbWUiO3M6ODoiZGlzY291bnQiO3M6NToibGFiZWwiO3M6MTA6Itin2YTYrti12YUiO3M6ODoiaXNIaWRkZW4iO2I6MDtzOjk6ImlzVG9nZ2xlZCI7YjoxO3M6MTI6ImlzVG9nZ2xlYWJsZSI7YjowO3M6MjQ6ImlzVG9nZ2xlZEhpZGRlbkJ5RGVmYXVsdCI7Tjt9aTo3O2E6Nzp7czo0OiJ0eXBlIjtzOjY6ImNvbHVtbiI7czo0OiJuYW1lIjtzOjEwOiJ1cGRhdGVkX2F0IjtzOjU6ImxhYmVsIjtzOjI1OiLYqtin2LHZitiuINin2YTYqti52K/ZitmEIjtzOjg6ImlzSGlkZGVuIjtiOjA7czo5OiJpc1RvZ2dsZWQiO2I6MTtzOjEyOiJpc1RvZ2dsZWFibGUiO2I6MTtzOjI0OiJpc1RvZ2dsZWRIaWRkZW5CeURlZmF1bHQiO2I6MDt9fXM6NDA6ImQ0MjJjOTUyNzE1MDFiZTEzNTJkOWNmZmI0YzczNzczX2NvbHVtbnMiO2E6Njp7aTowO2E6Nzp7czo0OiJ0eXBlIjtzOjY6ImNvbHVtbiI7czo0OiJuYW1lIjtzOjU6ImluZGV4IjtzOjU6ImxhYmVsIjtzOjE6IiMiO3M6ODoiaXNIaWRkZW4iO2I6MDtzOjk6ImlzVG9nZ2xlZCI7YjoxO3M6MTI6ImlzVG9nZ2xlYWJsZSI7YjowO3M6MjQ6ImlzVG9nZ2xlZEhpZGRlbkJ5RGVmYXVsdCI7Tjt9aToxO2E6Nzp7czo0OiJ0eXBlIjtzOjY6ImNvbHVtbiI7czo0OiJuYW1lIjtzOjQ6Im5hbWUiO3M6NToibGFiZWwiO3M6MTk6Itil2LPZhSDYp9mE2LnZhdmK2YQiO3M6ODoiaXNIaWRkZW4iO2I6MDtzOjk6ImlzVG9nZ2xlZCI7YjoxO3M6MTI6ImlzVG9nZ2xlYWJsZSI7YjowO3M6MjQ6ImlzVG9nZ2xlZEhpZGRlbkJ5RGVmYXVsdCI7Tjt9aToyO2E6Nzp7czo0OiJ0eXBlIjtzOjY6ImNvbHVtbiI7czo0OiJuYW1lIjtzOjU6InBob25lIjtzOjU6ImxhYmVsIjtzOjIxOiLYsdmC2YUg2KfZhNiq2YjYp9i12YQiO3M6ODoiaXNIaWRkZW4iO2I6MDtzOjk6ImlzVG9nZ2xlZCI7YjoxO3M6MTI6ImlzVG9nZ2xlYWJsZSI7YjowO3M6MjQ6ImlzVG9nZ2xlZEhpZGRlbkJ5RGVmYXVsdCI7Tjt9aTozO2E6Nzp7czo0OiJ0eXBlIjtzOjY6ImNvbHVtbiI7czo0OiJuYW1lIjtzOjc6ImJhbGFuY2UiO3M6NToibGFiZWwiO3M6MjE6Itix2LXZitivINin2YTYudmF2YrZhCI7czo4OiJpc0hpZGRlbiI7YjowO3M6OToiaXNUb2dnbGVkIjtiOjE7czoxMjoiaXNUb2dnbGVhYmxlIjtiOjA7czoyNDoiaXNUb2dnbGVkSGlkZGVuQnlEZWZhdWx0IjtOO31pOjQ7YTo3OntzOjQ6InR5cGUiO3M6NjoiY29sdW1uIjtzOjQ6Im5hbWUiO3M6MTA6ImNyZWF0ZWRfYXQiO3M6NToibGFiZWwiO3M6MjU6Itiq2KfYsdmK2K4g2KfZhNiq2LPYrNmK2YQiO3M6ODoiaXNIaWRkZW4iO2I6MDtzOjk6ImlzVG9nZ2xlZCI7YjoxO3M6MTI6ImlzVG9nZ2xlYWJsZSI7YjowO3M6MjQ6ImlzVG9nZ2xlZEhpZGRlbkJ5RGVmYXVsdCI7Tjt9aTo1O2E6Nzp7czo0OiJ0eXBlIjtzOjY6ImNvbHVtbiI7czo0OiJuYW1lIjtzOjY6InN0YXR1cyI7czo1OiJsYWJlbCI7czoxMjoi2KfZhNit2KfZhNipIjtzOjg6ImlzSGlkZGVuIjtiOjA7czo5OiJpc1RvZ2dsZWQiO2I6MTtzOjEyOiJpc1RvZ2dsZWFibGUiO2I6MDtzOjI0OiJpc1RvZ2dsZWRIaWRkZW5CeURlZmF1bHQiO047fX1zOjQwOiIxMzM0Mzc5MDkzZWFlYjE3MjFlM2UwN2FiNTk2YWIyNF9jb2x1bW5zIjthOjY6e2k6MDthOjc6e3M6NDoidHlwZSI7czo2OiJjb2x1bW4iO3M6NDoibmFtZSI7czo1OiJpbmRleCI7czo1OiJsYWJlbCI7czoxOiIjIjtzOjg6ImlzSGlkZGVuIjtiOjA7czo5OiJpc1RvZ2dsZWQiO2I6MTtzOjEyOiJpc1RvZ2dsZWFibGUiO2I6MDtzOjI0OiJpc1RvZ2dsZWRIaWRkZW5CeURlZmF1bHQiO047fWk6MTthOjc6e3M6NDoidHlwZSI7czo2OiJjb2x1bW4iO3M6NDoibmFtZSI7czo0OiJuYW1lIjtzOjU6ImxhYmVsIjtzOjE5OiLYp9iz2YUg2KfZhNmF2YjYsdivIjtzOjg6ImlzSGlkZGVuIjtiOjA7czo5OiJpc1RvZ2dsZWQiO2I6MTtzOjEyOiJpc1RvZ2dsZWFibGUiO2I6MDtzOjI0OiJpc1RvZ2dsZWRIaWRkZW5CeURlZmF1bHQiO047fWk6MjthOjc6e3M6NDoidHlwZSI7czo2OiJjb2x1bW4iO3M6NDoibmFtZSI7czo1OiJwaG9uZSI7czo1OiJsYWJlbCI7czoxOToi2LHZgtmFINin2YTZh9in2KrZgSI7czo4OiJpc0hpZGRlbiI7YjowO3M6OToiaXNUb2dnbGVkIjtiOjE7czoxMjoiaXNUb2dnbGVhYmxlIjtiOjA7czoyNDoiaXNUb2dnbGVkSGlkZGVuQnlEZWZhdWx0IjtOO31pOjM7YTo3OntzOjQ6InR5cGUiO3M6NjoiY29sdW1uIjtzOjQ6Im5hbWUiO3M6NzoiYmFsYW5jZSI7czo1OiJsYWJlbCI7czoyMToi2LHYtdmK2K8g2KfZhNmF2YjYsdivIjtzOjg6ImlzSGlkZGVuIjtiOjA7czo5OiJpc1RvZ2dsZWQiO2I6MTtzOjEyOiJpc1RvZ2dsZWFibGUiO2I6MDtzOjI0OiJpc1RvZ2dsZWRIaWRkZW5CeURlZmF1bHQiO047fWk6NDthOjc6e3M6NDoidHlwZSI7czo2OiJjb2x1bW4iO3M6NDoibmFtZSI7czo3OiJhZGRyZXNzIjtzOjU6ImxhYmVsIjtzOjE0OiLYp9mE2LnZhtmI2KfZhiI7czo4OiJpc0hpZGRlbiI7YjowO3M6OToiaXNUb2dnbGVkIjtiOjE7czoxMjoiaXNUb2dnbGVhYmxlIjtiOjA7czoyNDoiaXNUb2dnbGVkSGlkZGVuQnlEZWZhdWx0IjtOO31pOjU7YTo3OntzOjQ6InR5cGUiO3M6NjoiY29sdW1uIjtzOjQ6Im5hbWUiO3M6MTA6ImNyZWF0ZWRfYXQiO3M6NToibGFiZWwiO3M6MjU6Itiq2KfYsdmK2K4g2KfZhNil2LbYp9mB2KkiO3M6ODoiaXNIaWRkZW4iO2I6MDtzOjk6ImlzVG9nZ2xlZCI7YjoxO3M6MTI6ImlzVG9nZ2xlYWJsZSI7YjowO3M6MjQ6ImlzVG9nZ2xlZEhpZGRlbkJ5RGVmYXVsdCI7Tjt9fXM6NDA6IjQzYjJkOTA2NTU0ZGJhNjhiNWY0OWNkYWFjODc3MjIzX2NvbHVtbnMiO2E6ODp7aTowO2E6Nzp7czo0OiJ0eXBlIjtzOjY6ImNvbHVtbiI7czo0OiJuYW1lIjtzOjU6ImluZGV4IjtzOjU6ImxhYmVsIjtzOjE6IiMiO3M6ODoiaXNIaWRkZW4iO2I6MDtzOjk6ImlzVG9nZ2xlZCI7YjoxO3M6MTI6ImlzVG9nZ2xlYWJsZSI7YjowO3M6MjQ6ImlzVG9nZ2xlZEhpZGRlbkJ5RGVmYXVsdCI7Tjt9aToxO2E6Nzp7czo0OiJ0eXBlIjtzOjY6ImNvbHVtbiI7czo0OiJuYW1lIjtzOjEyOiJwcm9kdWN0Lm5hbWUiO3M6NToibGFiZWwiO3M6MTI6Itin2YTZhdmG2KrYrCI7czo4OiJpc0hpZGRlbiI7YjowO3M6OToiaXNUb2dnbGVkIjtiOjE7czoxMjoiaXNUb2dnbGVhYmxlIjtiOjA7czoyNDoiaXNUb2dnbGVkSGlkZGVuQnlEZWZhdWx0IjtOO31pOjI7YTo3OntzOjQ6InR5cGUiO3M6NjoiY29sdW1uIjtzOjQ6Im5hbWUiO3M6MjE6Imludm9pY2Uuc3VwcGxpZXIubmFtZSI7czo1OiJsYWJlbCI7czoxMjoi2KfZhNmF2YjYsdivIjtzOjg6ImlzSGlkZGVuIjtiOjA7czo5OiJpc1RvZ2dsZWQiO2I6MTtzOjEyOiJpc1RvZ2dsZWFibGUiO2I6MDtzOjI0OiJpc1RvZ2dsZWRIaWRkZW5CeURlZmF1bHQiO047fWk6MzthOjc6e3M6NDoidHlwZSI7czo2OiJjb2x1bW4iO3M6NDoibmFtZSI7czo4OiJxdWFudGl0eSI7czo1OiJsYWJlbCI7czoxMjoi2KfZhNmD2YXZitipIjtzOjg6ImlzSGlkZGVuIjtiOjA7czo5OiJpc1RvZ2dsZWQiO2I6MTtzOjEyOiJpc1RvZ2dsZWFibGUiO2I6MDtzOjI0OiJpc1RvZ2dsZWRIaWRkZW5CeURlZmF1bHQiO047fWk6NDthOjc6e3M6NDoidHlwZSI7czo2OiJjb2x1bW4iO3M6NDoibmFtZSI7czoxMDoiY29zdF9wcmljZSI7czo1OiJsYWJlbCI7czoxOToi2LPYudixINin2YTYtNix2KfYoSI7czo4OiJpc0hpZGRlbiI7YjowO3M6OToiaXNUb2dnbGVkIjtiOjE7czoxMjoiaXNUb2dnbGVhYmxlIjtiOjA7czoyNDoiaXNUb2dnbGVkSGlkZGVuQnlEZWZhdWx0IjtOO31pOjU7YTo3OntzOjQ6InR5cGUiO3M6NjoiY29sdW1uIjtzOjQ6Im5hbWUiO3M6ODoic3VidG90YWwiO3M6NToibGFiZWwiO3M6MzM6Itin2YTYqtmD2YTZgdipINin2YTYpdis2YXYp9mE2YrYqSI7czo4OiJpc0hpZGRlbiI7YjowO3M6OToiaXNUb2dnbGVkIjtiOjE7czoxMjoiaXNUb2dnbGVhYmxlIjtiOjA7czoyNDoiaXNUb2dnbGVkSGlkZGVuQnlEZWZhdWx0IjtOO31pOjY7YTo3OntzOjQ6InR5cGUiO3M6NjoiY29sdW1uIjtzOjQ6Im5hbWUiO3M6MTg6Imludm9pY2UuY3JlYXRlZF9hdCI7czo1OiJsYWJlbCI7czoyMzoi2KrYp9ix2YrYriDYp9mE2LTYsdin2KEiO3M6ODoiaXNIaWRkZW4iO2I6MDtzOjk6ImlzVG9nZ2xlZCI7YjoxO3M6MTI6ImlzVG9nZ2xlYWJsZSI7YjowO3M6MjQ6ImlzVG9nZ2xlZEhpZGRlbkJ5RGVmYXVsdCI7Tjt9aTo3O2E6Nzp7czo0OiJ0eXBlIjtzOjY6ImNvbHVtbiI7czo0OiJuYW1lIjtzOjIyOiJpbnZvaWNlLmludm9pY2VfbnVtYmVyIjtzOjU6ImxhYmVsIjtzOjMyOiLYsdmC2YUg2YHYp9iq2YjYsdipINin2YTZhdmI2LHYryI7czo4OiJpc0hpZGRlbiI7YjowO3M6OToiaXNUb2dnbGVkIjtiOjE7czoxMjoiaXNUb2dnbGVhYmxlIjtiOjE7czoyNDoiaXNUb2dnbGVkSGlkZGVuQnlEZWZhdWx0IjtiOjA7fX19czo4OiJmaWxhbWVudCI7YTowOnt9fQ==', 1761235377);

-- --------------------------------------------------------

--
-- Table structure for table `stock_movements`
--

CREATE TABLE `stock_movements` (
  `id` bigint UNSIGNED NOT NULL,
  `product_id` bigint UNSIGNED NOT NULL,
  `movement_type` enum('opening_stock','purchase','invoice_sale','purchase_return','sale_return','adjustment') COLLATE utf8mb4_unicode_ci NOT NULL,
  `reference_id` bigint UNSIGNED DEFAULT NULL,
  `reference_table` varchar(50) COLLATE utf8mb4_unicode_ci DEFAULT NULL,
  `qty_in` decimal(12,2) NOT NULL DEFAULT '0.00',
  `qty_out` decimal(12,2) NOT NULL DEFAULT '0.00',
  `cost_price` decimal(12,2) NOT NULL COMMENT 'تكلفة الشراء/الوحدة',
  `wholesale_price` decimal(10,2) DEFAULT NULL COMMENT 'سعر الجملة',
  `retail_price` decimal(12,2) DEFAULT NULL COMMENT 'سعر البيع وقت العملية',
  `created_at` timestamp NULL DEFAULT NULL,
  `updated_at` timestamp NULL DEFAULT NULL
) ENGINE=InnoDB DEFAULT CHARSET=utf8mb4 COLLATE=utf8mb4_unicode_ci;

--
-- Dumping data for table `stock_movements`
--

INSERT INTO `stock_movements` (`id`, `product_id`, `movement_type`, `reference_id`, `reference_table`, `qty_in`, `qty_out`, `cost_price`, `wholesale_price`, `retail_price`, `created_at`, `updated_at`) VALUES
(1, 1, 'opening_stock', 1, 'products', 100.00, 0.00, 350.00, 355.00, 360.00, '2025-10-15 22:57:08', '2025-10-15 18:58:38'),
(2, 1, 'purchase', 5, 'supplier_invoices', 100.00, 0.00, 350.00, 355.00, 360.00, '2025-10-15 22:58:37', '2025-10-15 19:00:53'),
(3, 2, 'opening_stock', 2, 'products', 50.00, 0.00, 390.00, 395.00, 400.00, '2025-10-15 23:01:44', '2025-10-15 19:06:19'),
(4, 3, 'opening_stock', 3, 'products', 30.00, 0.00, 250.00, 242.25, 260.00, '2025-10-15 23:06:16', '2025-10-15 19:07:44'),
(5, 4, 'opening_stock', 4, 'products', 10.00, 0.00, 515.00, 520.00, 525.00, '2025-10-15 23:08:25', '2025-10-15 19:11:18'),
(6, 5, 'opening_stock', 5, 'products', 25.00, 0.00, 610.00, 620.00, 625.00, '2025-10-15 23:11:12', '2025-10-15 19:13:24'),
(7, 6, 'opening_stock', 6, 'products', 15.00, 0.00, 720.00, 740.00, 750.00, '2025-10-15 23:13:20', '2025-10-15 19:22:51'),
(8, 7, 'opening_stock', 7, 'products', 20.00, 0.00, 650.00, 660.00, 670.00, '2025-10-15 23:22:47', '2025-10-15 19:24:01'),
(9, 8, 'opening_stock', 8, 'products', 10.00, 0.00, 600.00, 610.00, 620.00, '2025-10-15 23:23:59', '2025-10-15 19:24:59'),
(10, 9, 'opening_stock', 9, 'products', 20.00, 0.00, 275.00, 280.00, 285.00, '2025-10-18 13:41:53', '2025-10-18 09:45:39'),
(11, 10, 'opening_stock', 10, 'products', 5.00, 0.00, 320.00, 320.00, 330.00, '2025-10-19 17:18:02', '2025-10-19 13:20:42'),
(12, 11, 'opening_stock', 11, 'products', 5.00, 0.00, 475.00, 480.00, 490.00, '2025-10-19 17:20:37', '2025-10-19 13:21:56'),
(13, 12, 'opening_stock', 12, 'products', 10.00, 0.00, 950.00, 970.00, 980.00, '2025-10-19 17:22:11', '2025-10-19 13:23:23'),
(14, 13, 'opening_stock', 13, 'products', 50.00, 0.00, 235.00, 235.00, 240.00, '2025-10-19 17:23:17', '2025-10-19 13:24:28'),
(15, 14, 'opening_stock', 14, 'products', 0.00, 0.00, 225.00, 225.00, 230.00, '2025-10-19 17:24:22', '2025-10-19 13:25:16'),
(16, 15, 'opening_stock', 15, 'products', 25.00, 0.00, 255.00, 260.00, 270.00, '2025-10-19 17:27:27', '2025-10-19 13:28:56'),
(17, 16, 'opening_stock', 16, 'products', 10.00, 0.00, 275.00, 280.00, 290.00, '2025-10-19 17:29:06', '2025-10-19 13:30:15'),
(18, 1, 'invoice_sale', 1, 'invoices', 0.00, 10.00, 350.00, 355.00, NULL, '2025-10-19 17:39:45', '2025-10-19 13:41:18'),
(19, 2, 'invoice_sale', 1, 'invoices', 0.00, 10.00, 390.00, 395.00, NULL, '2025-10-19 17:39:45', '2025-10-19 13:41:18'),
(20, 3, 'invoice_sale', 1, 'invoices', 0.00, 1.00, 250.00, 255.00, NULL, '2025-10-19 17:39:45', '2025-10-19 13:41:18'),
(21, 17, 'opening_stock', 17, 'products', 5.00, 0.00, 440.00, 450.00, 460.00, '2025-10-19 18:08:31', '2025-10-19 14:11:05'),
(22, 18, 'opening_stock', 18, 'products', 5.00, 0.00, 620.00, 630.00, 640.00, '2025-10-19 18:11:02', '2025-10-19 14:12:46'),
(23, 19, 'opening_stock', 19, 'products', 5.00, 0.00, 720.00, 730.00, 740.00, '2025-10-19 18:12:43', '2025-10-19 14:14:14'),
(24, 20, 'opening_stock', 20, 'products', 5.00, 0.00, 925.00, 940.00, 950.00, '2025-10-19 18:14:09', '2025-10-19 14:15:25'),
(25, 21, 'opening_stock', 21, 'products', 5.00, 0.00, 950.00, 970.00, 980.00, '2025-10-19 18:15:18', '2025-10-19 14:16:28'),
(26, 22, 'opening_stock', 22, 'products', 50.00, 0.00, 370.00, 380.00, 390.00, '2025-10-19 18:21:42', '2025-10-19 14:25:11'),
(27, 23, 'opening_stock', 23, 'products', 100.00, 0.00, 415.00, 425.00, 430.00, '2025-10-19 18:25:09', '2025-10-19 14:26:07'),
(28, 24, 'opening_stock', 24, 'products', 100.00, 0.00, 420.00, 435.00, 440.00, '2025-10-19 18:26:05', '2025-10-19 14:27:18'),
(29, 25, 'opening_stock', 25, 'products', 50.00, 0.00, 430.00, 440.00, 450.00, '2025-10-19 18:27:12', '2025-10-19 14:28:27'),
(30, 26, 'opening_stock', 26, 'products', 5.00, 0.00, 789.00, 795.00, 810.00, '2025-10-20 11:03:24', '2025-10-20 07:05:38'),
(31, 27, 'opening_stock', 27, 'products', 10.00, 0.00, 1225.00, 1235.00, 1250.00, '2025-10-20 11:05:33', '2025-10-20 07:08:16'),
(32, 28, 'opening_stock', 28, 'products', 15.00, 0.00, 979.00, 990.00, 1000.00, '2025-10-20 11:08:11', '2025-10-20 07:09:21'),
(33, 29, 'opening_stock', 29, 'products', 15.00, 0.00, 1169.00, 1180.00, 0.00, '2025-10-20 11:09:15', '2025-10-20 07:10:40'),
(34, 30, 'opening_stock', 30, 'products', 10.00, 0.00, 1330.00, 1340.00, 1350.00, '2025-10-20 11:10:34', '2025-10-20 07:12:46'),
(35, 31, 'opening_stock', 31, 'products', 10.00, 0.00, 1302.00, 1315.00, 1330.00, '2025-10-20 11:12:54', '2025-10-20 07:17:34'),
(37, 33, 'opening_stock', 33, 'products', 20.00, 0.00, 1591.00, 1610.00, 1620.00, '2025-10-20 11:18:20', '2025-10-20 07:26:15'),
(38, 34, 'opening_stock', 34, 'products', 10.00, 0.00, 1349.00, 1365.00, 1380.00, '2025-10-20 11:26:21', '2025-10-20 07:28:08'),
(39, 35, 'opening_stock', 35, 'products', 10.00, 0.00, 1392.00, 1405.00, 1420.00, '2025-10-20 11:28:10', '2025-10-20 07:29:47'),
(40, 36, 'opening_stock', 36, 'products', 10.00, 0.00, 1743.00, 1760.00, 1760.00, '2025-10-20 11:29:46', '2025-10-20 07:32:03'),
(42, 38, 'opening_stock', 38, 'products', 50.00, 0.00, 1335.00, 1350.00, 1360.00, '2025-10-20 11:32:12', '2025-10-20 07:33:19'),
(43, 39, 'opening_stock', 39, 'products', 10.00, 0.00, 665.00, 670.00, 700.00, '2025-10-20 11:33:13', '2025-10-20 07:34:31'),
(44, 40, 'opening_stock', 40, 'products', 10.00, 0.00, 105.00, 105.00, 110.00, '2025-10-20 11:37:09', '2025-10-20 07:38:47'),
(45, 41, 'opening_stock', 41, 'products', 10.00, 0.00, 150.00, 160.00, 170.00, '2025-10-20 11:38:39', '2025-10-20 07:40:07'),
(46, 42, 'opening_stock', 42, 'products', 10.00, 0.00, 185.00, 195.00, 200.00, '2025-10-20 11:40:03', '2025-10-20 07:41:46'),
(47, 43, 'opening_stock', 43, 'products', 10.00, 0.00, 240.00, 245.00, 250.00, '2025-10-20 11:42:27', '2025-10-20 07:45:16'),
(48, 44, 'opening_stock', 44, 'products', 10.00, 0.00, 195.00, 200.00, 210.00, '2025-10-20 11:45:12', '2025-10-20 07:46:49'),
(49, 45, 'opening_stock', 45, 'products', 10.00, 0.00, 205.00, 215.00, 220.00, '2025-10-20 11:46:43', '2025-10-20 07:47:54'),
(50, 46, 'opening_stock', 46, 'products', 10.00, 0.00, 190.00, 200.00, 205.00, '2025-10-20 11:47:48', '2025-10-20 07:49:12'),
(51, 47, 'opening_stock', 47, 'products', 10.00, 0.00, 215.00, 225.00, 230.00, '2025-10-20 11:49:10', '2025-10-20 07:50:19'),
(52, 48, 'opening_stock', 48, 'products', 10.00, 0.00, 215.00, 225.00, 230.00, '2025-10-20 11:50:15', '2025-10-20 07:52:28'),
(53, 49, 'opening_stock', 49, 'products', 10.00, 0.00, 195.00, 205.00, 210.00, '2025-10-20 11:52:25', '2025-10-20 07:53:42'),
(54, 50, 'opening_stock', 50, 'products', 10.00, 0.00, 700.00, 710.00, 720.00, '2025-10-20 11:58:14', '2025-10-20 07:59:27'),
(55, 51, 'opening_stock', 51, 'products', 10.00, 0.00, 704.00, 704.00, 710.00, '2025-10-20 12:01:30', '2025-10-20 08:03:06'),
(56, 52, 'opening_stock', 52, 'products', 10.00, 0.00, 704.00, 704.00, 710.00, '2025-10-20 12:03:03', '2025-10-20 08:04:05'),
(57, 53, 'opening_stock', 53, 'products', 10.00, 0.00, 704.00, 704.00, 710.00, '2025-10-20 12:03:59', '2025-10-20 08:06:01'),
(58, 54, 'opening_stock', 54, 'products', 10.00, 0.00, 339.00, 345.00, 360.00, '2025-10-20 12:05:58', '2025-10-20 08:08:15'),
(59, 55, 'opening_stock', 55, 'products', 10.00, 0.00, 343.50, 350.00, 370.00, '2025-10-20 12:08:10', '2025-10-20 08:09:47'),
(60, 56, 'opening_stock', 56, 'products', 10.00, 0.00, 352.00, 360.00, 370.00, '2025-10-20 12:09:40', '2025-10-20 08:11:40'),
(61, 57, 'opening_stock', 57, 'products', 10.00, 0.00, 414.00, 425.00, 435.00, '2025-10-20 12:42:26', '2025-10-20 08:45:25'),
(62, 58, 'opening_stock', 58, 'products', 10.00, 0.00, 449.00, 460.00, 470.00, '2025-10-20 12:45:22', '2025-10-20 08:46:44'),
(63, 59, 'opening_stock', 59, 'products', 0.00, 0.00, 440.00, 450.00, 460.00, '2025-10-20 12:46:54', '2025-10-20 08:48:11'),
(64, 60, 'opening_stock', 60, 'products', 10.00, 0.00, 713.00, 725.00, 740.00, '2025-10-20 12:48:04', '2025-10-20 08:49:58'),
(65, 61, 'opening_stock', 61, 'products', 0.00, 0.00, 630.00, 640.00, 0.00, '2025-10-20 12:49:52', '2025-10-20 08:52:24'),
(66, 62, 'opening_stock', 62, 'products', 0.00, 0.00, 616.50, 625.00, 640.00, '2025-10-20 12:52:17', '2025-10-20 08:53:55'),
(67, 63, 'opening_stock', 63, 'products', 0.00, 0.00, 251.00, 260.00, 270.00, '2025-10-20 12:54:16', '2025-10-20 08:56:07'),
(68, 64, 'opening_stock', 64, 'products', 0.00, 0.00, 273.00, 280.00, 290.00, '2025-10-20 12:56:00', '2025-10-20 08:57:39'),
(69, 65, 'opening_stock', 65, 'products', 0.00, 0.00, 440.00, 450.00, 460.00, '2025-10-20 12:57:33', '2025-10-20 09:00:18'),
(70, 66, 'opening_stock', 66, 'products', 0.00, 0.00, 350.00, 360.00, 370.00, '2025-10-20 13:00:13', '2025-10-20 09:01:39'),
(71, 67, 'opening_stock', 67, 'products', 0.00, 0.00, 629.50, 640.00, 650.00, '2025-10-20 13:01:55', '2025-10-20 09:04:21'),
(72, 68, 'opening_stock', 68, 'products', 0.00, 0.00, 458.00, 465.00, 480.00, '2025-10-20 13:04:58', '2025-10-20 09:07:26'),
(73, 69, 'opening_stock', 69, 'products', 0.00, 0.00, 510.50, 520.00, 530.00, '2025-10-20 13:07:31', '2025-10-20 09:09:10'),
(74, 70, 'opening_stock', 70, 'products', 0.00, 0.00, 500.00, 510.00, 530.00, '2025-10-20 13:09:25', '2025-10-20 09:12:19'),
(75, 71, 'opening_stock', 71, 'products', 0.00, 0.00, 519.50, 525.00, 540.00, '2025-10-20 13:12:13', '2025-10-20 09:13:44'),
(76, 72, 'opening_stock', 72, 'products', 0.00, 0.00, 418.00, 425.00, 440.00, '2025-10-20 13:13:37', '2025-10-20 09:14:43'),
(77, 73, 'opening_stock', 73, 'products', 0.00, 0.00, 374.00, 380.00, 390.00, '2025-10-20 13:14:37', '2025-10-20 09:15:29'),
(78, 74, 'opening_stock', 74, 'products', 0.00, 0.00, 528.00, 540.00, 550.00, '2025-10-20 13:15:23', '2025-10-20 09:17:01'),
(79, 75, 'opening_stock', 75, 'products', 0.00, 0.00, 414.00, 425.00, 440.00, '2025-10-20 14:05:17', '2025-10-20 10:11:46'),
(80, 76, 'opening_stock', 76, 'products', 0.00, 0.00, 488.50, 500.00, 510.00, '2025-10-20 14:11:40', '2025-10-20 10:14:03'),
(81, 77, 'opening_stock', 77, 'products', 0.00, 0.00, 620.50, 630.00, 640.00, '2025-10-20 14:13:57', '2025-10-20 10:18:47'),
(82, 78, 'opening_stock', 78, 'products', 0.00, 0.00, 708.50, 720.00, 730.00, '2025-10-20 14:18:43', '2025-10-20 10:21:04'),
(83, 79, 'opening_stock', 79, 'products', 0.00, 0.00, 937.50, 950.00, 960.00, '2025-10-20 14:22:58', '2025-10-20 10:25:33'),
(84, 80, 'opening_stock', 80, 'products', 0.00, 0.00, 521.00, 530.00, 550.00, '2025-10-20 14:25:27', '2025-10-20 10:27:09'),
(85, 81, 'opening_stock', 81, 'products', 0.00, 0.00, 609.00, 620.00, 640.00, '2025-10-20 14:27:02', '2025-10-20 10:29:20'),
(86, 82, 'opening_stock', 82, 'products', 0.00, 0.00, 785.00, 795.00, 810.00, '2025-10-20 14:29:14', '2025-10-20 10:31:35'),
(87, 83, 'opening_stock', 83, 'products', 0.00, 0.00, 511.00, 525.00, 530.00, '2025-10-20 14:31:33', '2025-10-20 10:34:06'),
(88, 84, 'opening_stock', 84, 'products', 0.00, 0.00, 576.50, 595.00, 600.00, '2025-10-20 14:34:14', '2025-10-20 10:36:40'),
(89, 85, 'opening_stock', 85, 'products', 0.00, 0.00, 510.50, 520.00, 530.00, '2025-10-20 14:37:20', '2025-10-20 10:40:53'),
(90, 86, 'opening_stock', 86, 'products', 0.00, 0.00, 485.00, 495.00, 510.00, '2025-10-20 14:40:48', '2025-10-20 10:42:30'),
(91, 87, 'opening_stock', 87, 'products', 0.00, 0.00, 761.50, 770.00, 775.00, '2025-10-20 14:43:23', '2025-10-20 10:46:30'),
(92, 88, 'opening_stock', 88, 'products', 0.00, 0.00, 801.00, 810.00, 820.00, '2025-10-20 14:46:24', '2025-10-20 10:48:45'),
(93, 89, 'opening_stock', 89, 'products', 0.00, 0.00, 334.50, 340.00, 345.00, '2025-10-20 14:48:43', '2025-10-20 10:50:28'),
(94, 90, 'opening_stock', 90, 'products', 0.00, 0.00, 704.00, 710.00, 715.00, '2025-10-20 14:50:23', '2025-10-20 10:51:40'),
(95, 91, 'opening_stock', 91, 'products', 0.00, 0.00, 766.00, 775.00, 780.00, '2025-10-20 14:51:34', '2025-10-20 10:54:44'),
(96, 92, 'opening_stock', 92, 'products', 0.00, 0.00, 832.00, 840.00, 850.00, '2025-10-20 14:54:39', '2025-10-20 10:57:29'),
(97, 93, 'opening_stock', 93, 'products', 0.00, 0.00, 374.00, 375.00, 380.00, '2025-10-20 14:58:17', '2025-10-20 10:59:34'),
(98, 94, 'opening_stock', 94, 'products', 0.00, 0.00, 700.00, 710.00, 720.00, '2025-10-20 14:59:30', '2025-10-20 11:00:52'),
(99, 95, 'opening_stock', 95, 'products', 0.00, 0.00, 612.00, 620.00, 630.00, '2025-10-20 15:00:46', '2025-10-20 11:02:03'),
(100, 96, 'opening_stock', 96, 'products', 0.00, 0.00, 480.00, 485.00, 495.00, '2025-10-20 15:02:34', '2025-10-20 11:03:47'),
(101, 97, 'opening_stock', 97, 'products', 0.00, 0.00, 783.50, 795.00, 810.00, '2025-10-20 15:04:17', '2025-10-20 11:06:22'),
(102, 98, 'opening_stock', 98, 'products', 0.00, 0.00, 959.50, 970.00, 980.00, '2025-10-20 15:06:16', '2025-10-20 11:07:20'),
(103, 99, 'opening_stock', 99, 'products', 0.00, 0.00, 580.00, 600.00, 610.00, '2025-10-20 17:23:20', '2025-10-20 13:24:27'),
(104, 100, 'opening_stock', 100, 'products', 0.00, 0.00, 580.00, 600.00, 610.00, '2025-10-20 17:24:20', '2025-10-20 13:25:37'),
(105, 101, 'opening_stock', 101, 'products', 0.00, 0.00, 500.00, 520.00, 550.00, '2025-10-20 17:25:49', '2025-10-20 13:26:55'),
(106, 102, 'opening_stock', 102, 'products', 0.00, 0.00, 240.00, 250.00, 270.00, '2025-10-20 17:26:49', '2025-10-20 13:28:28'),
(107, 103, 'opening_stock', 103, 'products', 0.00, 0.00, 240.00, 250.00, 270.00, '2025-10-20 17:28:21', '2025-10-20 13:29:06'),
(108, 104, 'opening_stock', 104, 'products', 0.00, 0.00, 400.00, 425.00, 450.00, '2025-10-20 17:29:04', '2025-10-20 13:29:58'),
(109, 105, 'opening_stock', 105, 'products', 0.00, 0.00, 179.00, 182.50, 185.00, '2025-10-20 17:51:12', '2025-10-20 13:54:43'),
(110, 106, 'opening_stock', 106, 'products', 0.00, 0.00, 138.50, 142.50, 145.00, '2025-10-20 17:54:37', '2025-10-20 13:55:49'),
(111, 107, 'opening_stock', 107, 'products', 0.00, 0.00, 133.00, 137.50, 140.00, '2025-10-20 17:55:42', '2025-10-20 13:57:03'),
(112, 108, 'opening_stock', 108, 'products', 0.00, 0.00, 111.50, 115.00, 115.00, '2025-10-20 17:56:56', '2025-10-20 13:58:14'),
(113, 109, 'opening_stock', 109, 'products', 0.00, 0.00, 102.50, 105.00, 105.00, '2025-10-20 17:58:09', '2025-10-20 14:00:08'),
(114, 110, 'opening_stock', 110, 'products', 0.00, 0.00, 87.50, 90.00, 95.00, '2025-10-20 18:00:00', '2025-10-20 14:00:58'),
(115, 111, 'opening_stock', 111, 'products', 0.00, 0.00, 440.00, 440.00, 450.00, '2025-10-20 18:00:52', '2025-10-20 14:02:55'),
(116, 112, 'opening_stock', 112, 'products', 0.00, 0.00, 270.00, 280.00, 300.00, '2025-10-20 18:02:47', '2025-10-20 14:07:29'),
(117, 113, 'opening_stock', 113, 'products', 0.00, 0.00, 430.00, 450.00, 470.00, '2025-10-20 18:07:21', '2025-10-20 14:08:32'),
(118, 114, 'opening_stock', 114, 'products', 0.00, 0.00, 660.00, 750.00, 750.00, '2025-10-20 18:08:27', '2025-10-20 14:09:56'),
(119, 115, 'opening_stock', 115, 'products', 0.00, 0.00, 430.00, 460.00, 500.00, '2025-10-20 18:09:53', '2025-10-20 14:14:26'),
(120, 116, 'opening_stock', 116, 'products', 0.00, 0.00, 460.00, 500.00, 560.00, '2025-10-20 18:14:19', '2025-10-20 14:16:50'),
(121, 117, 'opening_stock', 117, 'products', 0.00, 0.00, 600.00, 630.00, 650.00, '2025-10-20 18:21:29', '2025-10-20 14:23:20'),
(122, 118, 'opening_stock', 118, 'products', 0.00, 0.00, 520.00, 525.00, 535.00, '2025-10-20 18:23:15', '2025-10-20 14:24:17'),
(123, 119, 'opening_stock', 119, 'products', 0.00, 0.00, 670.00, 680.00, 700.00, '2025-10-20 18:24:10', '2025-10-20 14:25:29'),
(124, 120, 'opening_stock', 120, 'products', 0.00, 0.00, 360.00, 370.00, 380.00, '2025-10-20 18:25:50', '2025-10-20 14:27:15'),
(125, 121, 'opening_stock', 121, 'products', 0.00, 0.00, 470.00, 510.00, 520.00, '2025-10-20 18:27:13', '2025-10-20 14:28:33'),
(126, 122, 'opening_stock', 122, 'products', 0.00, 0.00, 480.00, 520.00, 550.00, '2025-10-20 18:28:33', '2025-10-20 14:29:51'),
(127, 123, 'opening_stock', 123, 'products', 0.00, 0.00, 590.00, 600.00, 610.00, '2025-10-20 18:29:45', '2025-10-20 14:31:02'),
(128, 124, 'opening_stock', 124, 'products', 0.00, 0.00, 280.00, 290.00, 300.00, '2025-10-20 18:30:56', '2025-10-20 14:32:15'),
(129, 125, 'opening_stock', 125, 'products', 0.00, 0.00, 475.00, 500.00, 520.00, '2025-10-20 18:32:12', '2025-10-20 14:33:23'),
(130, 126, 'opening_stock', 126, 'products', 0.00, 0.00, 265.00, 272.50, 272.50, '2025-10-20 18:55:01', '2025-10-20 14:57:45'),
(131, 127, 'opening_stock', 127, 'products', 0.00, 0.00, 167.50, 172.50, 172.50, '2025-10-20 18:58:03', '2025-10-20 15:01:29'),
(132, 128, 'opening_stock', 128, 'products', 0.00, 0.00, 130.00, 135.00, 135.00, '2025-10-20 19:01:43', '2025-10-20 15:03:19'),
(133, 129, 'opening_stock', 129, 'products', 0.00, 0.00, 170.00, 175.00, 180.00, '2025-10-20 19:03:16', '2025-10-20 15:04:41'),
(134, 130, 'opening_stock', 130, 'products', 0.00, 0.00, 150.00, 165.00, 170.00, '2025-10-20 19:04:38', '2025-10-20 15:06:01'),
(135, 131, 'opening_stock', 131, 'products', 0.00, 0.00, 270.00, 275.00, 275.00, '2025-10-20 19:08:55', '2025-10-20 15:10:14'),
(136, 132, 'opening_stock', 132, 'products', 0.00, 0.00, 170.00, 175.00, 175.00, '2025-10-20 19:10:07', '2025-10-20 15:11:18'),
(137, 133, 'opening_stock', 133, 'products', 0.00, 0.00, 135.00, 140.00, 140.00, '2025-10-20 19:11:13', '2025-10-20 15:12:14'),
(138, 134, 'opening_stock', 134, 'products', 0.00, 0.00, 175.00, 180.00, 185.00, '2025-10-20 19:12:07', '2025-10-20 15:13:32'),
(139, 135, 'opening_stock', 135, 'products', 0.00, 0.00, 155.00, 165.00, 165.00, '2025-10-20 19:13:26', '2025-10-20 15:14:33'),
(140, 136, 'opening_stock', 136, 'products', 0.00, 0.00, 175.00, 185.00, 200.00, '2025-10-20 19:14:26', '2025-10-20 15:15:33'),
(141, 137, 'opening_stock', 137, 'products', 0.00, 0.00, 115.00, 130.00, 140.00, '2025-10-20 19:15:54', '2025-10-20 15:16:52'),
(142, 138, 'opening_stock', 138, 'products', 0.00, 0.00, 280.00, 282.50, 282.50, '2025-10-20 19:17:13', '2025-10-20 15:21:56'),
(143, 139, 'opening_stock', 139, 'products', 0.00, 0.00, 180.00, 182.50, 182.50, '2025-10-20 19:21:49', '2025-10-20 15:23:24'),
(144, 140, 'opening_stock', 140, 'products', 0.00, 0.00, 145.00, 147.50, 147.50, '2025-10-20 19:23:17', '2025-10-20 15:24:27'),
(145, 141, 'opening_stock', 141, 'products', 0.00, 0.00, 175.00, 180.00, 185.00, '2025-10-20 19:24:21', '2025-10-20 15:25:29'),
(146, 142, 'opening_stock', 142, 'products', 0.00, 0.00, 132.50, 137.50, 140.00, '2025-10-20 19:25:22', '2025-10-20 15:26:59'),
(147, 143, 'opening_stock', 143, 'products', 0.00, 0.00, 200.00, 200.00, 205.00, '2025-10-20 19:27:06', '2025-10-20 15:28:00'),
(148, 144, 'opening_stock', 144, 'products', 0.00, 0.00, 255.00, 260.00, 270.00, '2025-10-20 19:27:54', '2025-10-20 15:29:04'),
(149, 145, 'opening_stock', 145, 'products', 0.00, 0.00, 135.00, 138.00, 140.00, '2025-10-20 19:28:58', '2025-10-20 15:29:49'),
(150, 146, 'opening_stock', 146, 'products', 0.00, 0.00, 108.00, 110.00, 115.00, '2025-10-20 19:29:42', '2025-10-20 15:30:57'),
(151, 147, 'opening_stock', 147, 'products', 0.00, 0.00, 355.00, 357.50, 360.00, '2025-10-20 19:30:50', '2025-10-20 15:33:03'),
(152, 148, 'opening_stock', 148, 'products', 0.00, 0.00, 225.00, 230.00, 235.00, '2025-10-20 19:32:57', '2025-10-20 15:34:23'),
(153, 149, 'opening_stock', 149, 'products', 0.00, 0.00, 330.00, 335.00, 350.00, '2025-10-21 15:42:16', '2025-10-21 11:43:14'),
(154, 150, 'opening_stock', 150, 'products', 0.00, 0.00, 520.00, 525.00, 540.00, '2025-10-21 15:52:30', '2025-10-21 11:54:31'),
(155, 151, 'opening_stock', 151, 'products', 0.00, 0.00, 180.00, 185.00, 190.00, '2025-10-21 20:21:00', '2025-10-21 16:23:48'),
(156, 152, 'opening_stock', 152, 'products', 0.00, 0.00, 180.00, 185.00, 190.00, '2025-10-21 20:23:51', '2025-10-21 16:25:41'),
(157, 153, 'opening_stock', 153, 'products', 0.00, 0.00, 180.00, 185.00, 190.00, '2025-10-21 20:25:34', '2025-10-21 16:29:04'),
(158, 154, 'opening_stock', 154, 'products', 0.00, 0.00, 270.00, 275.00, 280.00, '2025-10-21 20:31:32', '2025-10-21 16:33:41'),
(159, 155, 'opening_stock', 155, 'products', 0.00, 0.00, 320.00, 325.00, 330.00, '2025-10-21 20:33:33', '2025-10-21 16:35:55'),
(160, 156, 'opening_stock', 156, 'products', 0.00, 0.00, 370.00, 375.00, 380.00, '2025-10-21 20:35:47', '2025-10-21 16:37:20'),
(161, 157, 'opening_stock', 157, 'products', 0.00, 0.00, 270.00, 275.00, 280.00, '2025-10-21 20:37:21', '2025-10-21 16:39:36'),
(162, 158, 'opening_stock', 158, 'products', 0.00, 0.00, 320.00, 325.00, 330.00, '2025-10-21 20:39:28', '2025-10-21 16:40:47'),
(163, 159, 'opening_stock', 159, 'products', 0.00, 0.00, 370.00, 375.00, 380.00, '2025-10-21 20:41:15', '2025-10-21 16:42:17'),
(164, 160, 'opening_stock', 160, 'products', 0.00, 0.00, 270.00, 275.00, 280.00, '2025-10-21 20:42:12', '2025-10-21 16:43:16'),
(165, 161, 'opening_stock', 161, 'products', 0.00, 0.00, 320.00, 325.00, 330.00, '2025-10-21 20:43:07', '2025-10-21 16:44:14'),
(166, 162, 'opening_stock', 162, 'products', 0.00, 0.00, 370.00, 375.00, 380.00, '2025-10-21 20:44:05', '2025-10-21 16:45:30'),
(167, 163, 'opening_stock', 163, 'products', 0.00, 0.00, 190.00, 200.00, 200.00, '2025-10-21 20:45:27', '2025-10-21 16:50:10'),
(168, 164, 'opening_stock', 164, 'products', 0.00, 0.00, 220.00, 230.00, 230.00, '2025-10-21 20:50:51', '2025-10-21 16:52:56'),
(169, 165, 'opening_stock', 165, 'products', 0.00, 0.00, 255.00, 270.00, 270.00, '2025-10-21 20:52:50', '2025-10-21 16:54:58'),
(170, 166, 'opening_stock', 166, 'products', 0.00, 0.00, 240.00, 250.00, 250.00, '2025-10-21 20:54:50', '2025-10-21 16:56:00'),
(171, 167, 'opening_stock', 167, 'products', 0.00, 0.00, 290.00, 320.00, 320.00, '2025-10-21 20:56:31', '2025-10-21 17:00:13'),
(172, 168, 'opening_stock', 168, 'products', 0.00, 0.00, 280.00, 320.00, 320.00, '2025-10-21 21:00:05', '2025-10-21 17:02:00'),
(173, 169, 'opening_stock', 169, 'products', 0.00, 0.00, 160.00, 180.00, 190.00, '2025-10-21 21:01:52', '2025-10-21 17:04:05'),
(174, 170, 'opening_stock', 170, 'products', 0.00, 0.00, 205.00, 210.00, 220.00, '2025-10-21 21:04:00', '2025-10-21 17:05:36'),
(175, 171, 'opening_stock', 171, 'products', 0.00, 0.00, 295.00, 325.00, 330.00, '2025-10-21 21:05:28', '2025-10-21 17:08:12'),
(176, 172, 'opening_stock', 172, 'products', 0.00, 0.00, 315.00, 350.00, 360.00, '2025-10-21 21:08:04', '2025-10-21 17:09:54'),
(177, 173, 'opening_stock', 173, 'products', 0.00, 0.00, 310.00, 350.00, 360.00, '2025-10-21 21:09:46', '2025-10-21 17:12:01'),
(178, 174, 'opening_stock', 174, 'products', 0.00, 0.00, 485.00, 520.00, 540.00, '2025-10-21 21:12:50', '2025-10-21 17:14:41'),
(179, 175, 'opening_stock', 175, 'products', 0.00, 0.00, 485.00, 520.00, 540.00, '2025-10-21 21:14:33', '2025-10-21 17:16:31'),
(180, 176, 'opening_stock', 176, 'products', 0.00, 0.00, 660.00, 690.00, 730.00, '2025-10-21 21:16:24', '2025-10-21 17:18:36'),
(181, 177, 'opening_stock', 177, 'products', 0.00, 0.00, 580.00, 620.00, 650.00, '2025-10-21 21:20:28', '2025-10-21 17:22:22'),
(182, 178, 'opening_stock', 178, 'products', 0.00, 0.00, 58.00, 62.00, 65.00, '2025-10-21 21:22:13', '2025-10-21 17:23:11'),
(183, 179, 'opening_stock', 179, 'products', 0.00, 0.00, 58.00, 62.00, 65.00, '2025-10-21 21:23:10', '2025-10-21 17:24:01'),
(184, 147, 'invoice_sale', 2, 'invoices', 0.00, 10.00, 350.00, 355.00, NULL, '2025-10-23 11:27:11', '2025-10-23 07:29:37'),
(185, 148, 'invoice_sale', 2, 'invoices', 0.00, 10.00, 225.00, 230.00, NULL, '2025-10-23 11:27:11', '2025-10-23 07:29:37'),
(186, 131, 'invoice_sale', 3, 'invoices', 0.00, 20.00, 270.00, 275.00, NULL, '2025-10-23 12:12:01', '2025-10-23 08:16:49'),
(187, 132, 'invoice_sale', 3, 'invoices', 0.00, 20.00, 170.00, 175.00, NULL, '2025-10-23 12:12:01', '2025-10-23 08:16:49'),
(188, 128, 'invoice_sale', 3, 'invoices', 0.00, 20.00, 130.00, 135.00, NULL, '2025-10-23 12:12:01', '2025-10-23 08:16:49'),
(189, 134, 'invoice_sale', 3, 'invoices', 0.00, 10.00, 175.00, 180.00, NULL, '2025-10-23 12:12:01', '2025-10-23 08:16:49'),
(190, 135, 'invoice_sale', 3, 'invoices', 0.00, 15.00, 155.00, 165.00, NULL, '2025-10-23 12:12:01', '2025-10-23 08:16:49'),
(191, 137, 'invoice_sale', 3, 'invoices', 0.00, 5.00, 115.00, 130.00, NULL, '2025-10-23 12:12:01', '2025-10-23 08:16:49'),
(192, 131, 'purchase', 6, 'supplier_invoices', 40.00, 0.00, 272.50, 275.00, 275.00, '2025-10-23 14:08:28', '2025-10-23 10:26:31'),
(193, 132, 'purchase', 6, 'supplier_invoices', 80.00, 0.00, 172.50, 175.00, 175.00, '2025-10-23 14:08:28', '2025-10-23 10:26:31'),
(194, 133, 'purchase', 6, 'supplier_invoices', 40.00, 0.00, 137.50, 140.00, 140.00, '2025-10-23 14:08:28', '2025-10-23 10:26:31'),
(195, 134, 'purchase', 6, 'supplier_invoices', 70.00, 0.00, 175.00, 180.00, 180.00, '2025-10-23 14:08:28', '2025-10-23 10:26:31'),
(196, 135, 'purchase', 6, 'supplier_invoices', 100.00, 0.00, 155.00, 165.00, 170.00, '2025-10-23 14:08:28', '2025-10-23 10:26:31'),
(197, 180, 'opening_stock', 180, 'products', 0.00, 0.00, 812.50, 825.00, 850.00, '2025-10-23 15:31:53', '2025-10-23 11:33:11'),
(198, 181, 'opening_stock', 181, 'products', 25.00, 0.00, 812.50, 825.00, 850.00, '2025-10-23 15:34:58', '2025-10-23 11:36:16'),
(199, 111, 'invoice_sale', 4, 'invoices', 0.00, 1.00, 440.00, 440.00, NULL, '2025-10-23 15:37:29', '2025-10-23 11:39:47'),
(200, 112, 'invoice_sale', 4, 'invoices', 0.00, 1.00, 270.00, 280.00, NULL, '2025-10-23 15:37:29', '2025-10-23 11:39:47'),
(201, 167, 'invoice_sale', 4, 'invoices', 0.00, 2.00, 290.00, 320.00, NULL, '2025-10-23 15:37:29', '2025-10-23 11:39:47'),
(202, 131, 'invoice_sale', 4, 'invoices', 0.00, 10.00, 272.50, 275.00, NULL, '2025-10-23 15:37:29', '2025-10-23 11:39:47'),
(203, 180, 'invoice_sale', 4, 'invoices', 0.00, 1.00, 812.50, 825.00, NULL, '2025-10-23 15:37:29', '2025-10-23 11:39:47'),
(204, 181, 'invoice_sale', 4, 'invoices', 0.00, 1.00, 812.50, 825.00, NULL, '2025-10-23 15:37:29', '2025-10-23 11:39:47'),
(205, 111, 'invoice_sale', 5, 'invoices', 0.00, 1.00, 440.00, 440.00, NULL, '2025-10-23 15:48:17', '2025-10-23 11:51:12'),
(206, 112, 'invoice_sale', 5, 'invoices', 0.00, 1.00, 270.00, 280.00, NULL, '2025-10-23 15:48:17', '2025-10-23 11:51:12'),
(207, 167, 'invoice_sale', 5, 'invoices', 0.00, 2.00, 290.00, 320.00, NULL, '2025-10-23 15:48:17', '2025-10-23 11:51:12'),
(208, 180, 'invoice_sale', 5, 'invoices', 0.00, 1.00, 812.50, 825.00, NULL, '2025-10-23 15:48:17', '2025-10-23 11:51:12'),
(209, 181, 'invoice_sale', 5, 'invoices', 0.00, 1.00, 812.50, 825.00, NULL, '2025-10-23 15:48:17', '2025-10-23 11:51:12'),
(210, 131, 'invoice_sale', 5, 'invoices', 0.00, 10.00, 272.50, 275.00, NULL, '2025-10-23 15:48:17', '2025-10-23 11:51:12'),
(211, 112, 'invoice_sale', 6, 'invoices', 0.00, 1.00, 270.00, 280.00, NULL, '2025-10-23 16:12:51', '2025-10-23 12:16:13'),
(212, 111, 'invoice_sale', 6, 'invoices', 0.00, 1.00, 440.00, 440.00, NULL, '2025-10-23 16:12:51', '2025-10-23 12:16:13'),
(213, 167, 'invoice_sale', 6, 'invoices', 0.00, 2.00, 290.00, 320.00, NULL, '2025-10-23 16:12:51', '2025-10-23 12:16:13'),
(214, 146, 'invoice_sale', 6, 'invoices', 0.00, 5.00, 108.00, 110.00, NULL, '2025-10-23 16:12:51', '2025-10-23 12:16:13'),
(215, 131, 'invoice_sale', 6, 'invoices', 0.00, 10.00, 272.50, 275.00, NULL, '2025-10-23 16:12:51', '2025-10-23 12:16:13'),
(216, 180, 'invoice_sale', 6, 'invoices', 0.00, 1.00, 812.50, 825.00, NULL, '2025-10-23 16:12:51', '2025-10-23 12:16:13'),
(217, 181, 'invoice_sale', 6, 'invoices', 0.00, 1.00, 812.50, 825.00, NULL, '2025-10-23 16:12:51', '2025-10-23 12:16:13'),
(218, 2, 'invoice_sale', 7, 'invoices', 0.00, 3.00, 390.00, 395.00, NULL, '2025-10-23 15:30:18', '2025-10-23 12:30:34'),
(219, 4, 'invoice_sale', 8, 'invoices', 0.00, 1.00, 515.00, 520.00, NULL, '2025-10-23 15:30:55', '2025-10-23 12:31:05'),
(220, 1, 'invoice_sale', 9, 'invoices', 0.00, 2.00, 350.00, 355.00, NULL, '2025-10-23 16:43:56', '2025-10-23 12:44:42'),
(221, 3, 'invoice_sale', 9, 'invoices', 0.00, 5.00, 250.00, 255.00, NULL, '2025-10-23 16:43:56', '2025-10-23 12:44:43'),
(222, 5, 'invoice_sale', 10, 'invoices', 0.00, 1.00, 610.00, 620.00, NULL, '2025-10-23 15:45:30', '2025-10-23 12:45:40'),
(223, 2, 'invoice_sale', 11, 'invoices', 0.00, 5.00, 390.00, 395.00, NULL, '2025-10-23 16:47:02', '2025-10-23 12:47:37'),
(224, 10, 'invoice_sale', 11, 'invoices', 0.00, 1.00, 320.00, 320.00, NULL, '2025-10-23 16:47:02', '2025-10-23 12:47:37');

-- --------------------------------------------------------

--
-- Table structure for table `suppliers`
--

CREATE TABLE `suppliers` (
  `id` bigint UNSIGNED NOT NULL,
  `name` varchar(255) COLLATE utf8mb4_unicode_ci NOT NULL,
  `phone` varchar(255) COLLATE utf8mb4_unicode_ci DEFAULT NULL,
  `address` text COLLATE utf8mb4_unicode_ci,
  `created_at` timestamp NULL DEFAULT NULL,
  `updated_at` timestamp NULL DEFAULT NULL
) ENGINE=InnoDB DEFAULT CHARSET=utf8mb4 COLLATE=utf8mb4_unicode_ci;

--
-- Dumping data for table `suppliers`
--

INSERT INTO `suppliers` (`id`, `name`, `phone`, `address`, `created_at`, `updated_at`) VALUES
(1, 'مصنع النيل', '01065229147', 'ويش الحجاره', '2025-10-13 14:35:24', '2025-10-13 14:35:24'),
(2, 'مصنع سلفر باك', '01025508034', 'الزقازيق', '2025-10-19 13:27:13', '2025-10-19 13:27:13'),
(4, 'مصنع بينتا بلاست', '01000366868', 'الروبيكي', '2025-10-19 14:20:01', '2025-10-19 14:20:01'),
(5, 'مصنع اطباق فويل الصفوه', '01010726915', 'العبور', '2025-10-20 07:02:00', '2025-10-20 07:02:00'),
(6, 'مصنع جينرال ', '01016011318', 'المنصوره ', '2025-10-20 07:58:16', '2025-10-20 07:58:16'),
(7, 'مصنع كرنو', '01009458442', 'ابو رواش', '2025-10-20 08:01:21', '2025-10-20 08:01:21'),
(8, 'مصنع شاليموه الجوهره ', '01022279202', 'شربين', '2025-10-20 13:23:23', '2025-10-20 13:23:23'),
(9, 'مصنع علب البيتزا ', '01066180502', 'القاهره', '2025-10-20 13:39:03', '2025-10-20 13:39:03'),
(10, 'مصنع باندا ', '01117555612', 'طنطا', '2025-10-20 14:19:23', '2025-10-20 14:19:23'),
(11, 'مصنع فوم انفال ', '01050154194', 'القاهره', '2025-10-20 14:53:49', '2025-10-20 14:53:49'),
(12, 'مصنع فوم الربيع ', '01015318055', 'القاهره ', '2025-10-20 15:07:38', '2025-10-20 15:07:38'),
(13, 'مصنع فوم توب ', '01012100134', 'القاهره ', '2025-10-20 15:08:27', '2025-10-20 15:08:27'),
(14, 'مصنع طيبه ', '01004646099', 'القاهره ', '2025-10-21 16:21:05', '2025-10-21 16:21:05'),
(15, 'مصنع الاسترتش ', '01001433149', 'القاهره ', '2025-10-21 16:31:34', '2025-10-21 16:31:34'),
(16, 'مصنع  الاسترتش الصناعي ', '01062340536', 'القاهره ', '2025-10-21 17:20:30', '2025-10-21 17:20:30'),
(17, 'مفرش سفره', '01016011318', 'القاهره', '2025-10-23 11:33:51', '2025-10-23 11:33:51');

-- --------------------------------------------------------

--
-- Table structure for table `supplier_invoices`
--

CREATE TABLE `supplier_invoices` (
  `id` bigint UNSIGNED NOT NULL,
  `supplier_id` bigint UNSIGNED NOT NULL,
  `invoice_date` date NOT NULL COMMENT 'تاريخ الفاتورة من المورد',
  `total_amount` decimal(10,2) NOT NULL,
  `invoice_number` varchar(255) COLLATE utf8mb4_unicode_ci NOT NULL,
  `notes` text COLLATE utf8mb4_unicode_ci,
  `created_at` timestamp NULL DEFAULT NULL,
  `updated_at` timestamp NULL DEFAULT NULL
) ENGINE=InnoDB DEFAULT CHARSET=utf8mb4 COLLATE=utf8mb4_unicode_ci;

--
-- Dumping data for table `supplier_invoices`
--

INSERT INTO `supplier_invoices` (`id`, `supplier_id`, `invoice_date`, `total_amount`, `invoice_number`, `notes`, `created_at`, `updated_at`) VALUES
(5, 1, '2025-10-01', 77500.00, '1', NULL, '2025-10-15 22:58:37', '2025-10-15 19:00:53'),
(6, 12, '2025-10-23', 57.70, '436', NULL, '2025-10-23 14:08:28', '2025-10-23 10:26:31');

-- --------------------------------------------------------

--
-- Table structure for table `supplier_invoice_items`
--

CREATE TABLE `supplier_invoice_items` (
  `id` bigint UNSIGNED NOT NULL,
  `supplier_invoice_id` bigint UNSIGNED NOT NULL,
  `product_id` bigint UNSIGNED DEFAULT NULL,
  `quantity` int NOT NULL,
  `cost_price` decimal(10,2) NOT NULL COMMENT 'سعر الشراء من المورد',
  `wholesale_price` decimal(10,2) DEFAULT NULL,
  `retail_price` decimal(10,2) DEFAULT NULL,
  `subtotal` decimal(10,2) NOT NULL
) ENGINE=InnoDB DEFAULT CHARSET=utf8mb4 COLLATE=utf8mb4_unicode_ci;

--
-- Dumping data for table `supplier_invoice_items`
--

INSERT INTO `supplier_invoice_items` (`id`, `supplier_invoice_id`, `product_id`, `quantity`, `cost_price`, `wholesale_price`, `retail_price`, `subtotal`) VALUES
(6, 5, 1, 100, 350.00, 355.00, 360.00, 35000.00),
(7, 6, 131, 40, 272.50, 275.00, 275.00, 10900.00),
(8, 6, 132, 80, 172.50, 175.00, 175.00, 13800.00),
(9, 6, 133, 40, 137.50, 140.00, 140.00, 5500.00),
(10, 6, 134, 70, 175.00, 180.00, 180.00, 12250.00),
(11, 6, 135, 100, 155.00, 165.00, 170.00, 15500.00);

-- --------------------------------------------------------

--
-- Table structure for table `supplier_wallets`
--

CREATE TABLE `supplier_wallets` (
  `id` bigint UNSIGNED NOT NULL,
  `supplier_id` bigint UNSIGNED NOT NULL,
  `type` enum('debit','invoice','credit') COLLATE utf8mb4_unicode_ci NOT NULL,
  `amount` decimal(10,2) NOT NULL,
  `supplier_invoice_id` bigint UNSIGNED DEFAULT NULL,
  `note` text COLLATE utf8mb4_unicode_ci,
  `created_at` timestamp NULL DEFAULT NULL,
  `updated_at` timestamp NULL DEFAULT NULL
) ENGINE=InnoDB DEFAULT CHARSET=utf8mb4 COLLATE=utf8mb4_unicode_ci;

-- --------------------------------------------------------

--
-- Table structure for table `users`
--

CREATE TABLE `users` (
  `id` bigint UNSIGNED NOT NULL,
  `name` varchar(255) COLLATE utf8mb4_unicode_ci NOT NULL,
  `email` varchar(255) COLLATE utf8mb4_unicode_ci DEFAULT NULL,
  `username` varchar(255) COLLATE utf8mb4_unicode_ci NOT NULL,
  `email_verified_at` timestamp NULL DEFAULT NULL,
  `password` varchar(255) COLLATE utf8mb4_unicode_ci NOT NULL,
  `role` enum('admin','employee') COLLATE utf8mb4_unicode_ci NOT NULL DEFAULT 'employee',
  `status` enum('active','inactive') COLLATE utf8mb4_unicode_ci NOT NULL DEFAULT 'active',
  `remember_token` varchar(100) COLLATE utf8mb4_unicode_ci DEFAULT NULL,
  `created_at` timestamp NULL DEFAULT NULL,
  `updated_at` timestamp NULL DEFAULT NULL
) ENGINE=InnoDB DEFAULT CHARSET=utf8mb4 COLLATE=utf8mb4_unicode_ci;

--
-- Dumping data for table `users`
--

INSERT INTO `users` (`id`, `name`, `email`, `username`, `email_verified_at`, `password`, `role`, `status`, `remember_token`, `created_at`, `updated_at`) VALUES
(1, 'كريم', 'admin@admin.com', 'kareem', NULL, '$2y$12$MmSRRGJteU2SFb.0SRLeDuORvmsBsIspeH2WYt37oXhCT6dx0Otim', 'admin', 'active', 'qPpiGyEIHc', '2025-10-08 19:58:07', '2025-10-08 19:58:07'),
(2, 'ايمان', 'eman@admin.com', 'eman', NULL, '$2y$12$8.YT/5/ZQiqD3sHcRBRWQ.uTiy6rxpYbsUhmjvXLPpHpSActYoz0i', 'employee', 'active', 'yiuZCb84o3', '2025-10-08 19:58:07', '2025-10-08 19:58:07');

--
-- Indexes for dumped tables
--

--
-- Indexes for table `cache`
--
ALTER TABLE `cache`
  ADD PRIMARY KEY (`key`);

--
-- Indexes for table `cache_locks`
--
ALTER TABLE `cache_locks`
  ADD PRIMARY KEY (`key`);

--
-- Indexes for table `customers`
--
ALTER TABLE `customers`
  ADD PRIMARY KEY (`id`),
  ADD KEY `customers_name_index` (`name`);

--
-- Indexes for table `customer_wallets`
--
ALTER TABLE `customer_wallets`
  ADD PRIMARY KEY (`id`),
  ADD KEY `customer_wallets_customer_id_foreign` (`customer_id`),
  ADD KEY `customer_wallets_invoice_id_foreign` (`invoice_id`);

--
-- Indexes for table `failed_jobs`
--
ALTER TABLE `failed_jobs`
  ADD PRIMARY KEY (`id`),
  ADD UNIQUE KEY `failed_jobs_uuid_unique` (`uuid`);

--
-- Indexes for table `invoices`
--
ALTER TABLE `invoices`
  ADD PRIMARY KEY (`id`),
  ADD UNIQUE KEY `invoices_invoice_number_unique` (`invoice_number`),
  ADD KEY `invoices_customer_id_foreign` (`customer_id`);

--
-- Indexes for table `invoice_items`
--
ALTER TABLE `invoice_items`
  ADD PRIMARY KEY (`id`),
  ADD KEY `invoice_items_invoice_id_foreign` (`invoice_id`),
  ADD KEY `invoice_items_product_id_foreign` (`product_id`);

--
-- Indexes for table `jobs`
--
ALTER TABLE `jobs`
  ADD PRIMARY KEY (`id`),
  ADD KEY `jobs_queue_index` (`queue`);

--
-- Indexes for table `job_batches`
--
ALTER TABLE `job_batches`
  ADD PRIMARY KEY (`id`);

--
-- Indexes for table `migrations`
--
ALTER TABLE `migrations`
  ADD PRIMARY KEY (`id`);

--
-- Indexes for table `outsourced_productions`
--
ALTER TABLE `outsourced_productions`
  ADD PRIMARY KEY (`id`);

--
-- Indexes for table `password_reset_tokens`
--
ALTER TABLE `password_reset_tokens`
  ADD PRIMARY KEY (`email`);

--
-- Indexes for table `products`
--
ALTER TABLE `products`
  ADD PRIMARY KEY (`id`),
  ADD KEY `products_supplier_id_foreign` (`supplier_id`),
  ADD KEY `products_name_index` (`name`),
  ADD KEY `products_stock_quantity_index` (`stock_quantity`);

--
-- Indexes for table `return_invoices`
--
ALTER TABLE `return_invoices`
  ADD PRIMARY KEY (`id`),
  ADD KEY `return_invoices_customer_id_foreign` (`customer_id`),
  ADD KEY `return_invoices_original_invoice_id_foreign` (`original_invoice_id`);

--
-- Indexes for table `return_invoice_items`
--
ALTER TABLE `return_invoice_items`
  ADD PRIMARY KEY (`id`),
  ADD KEY `return_invoice_items_return_invoice_id_foreign` (`return_invoice_id`),
  ADD KEY `return_invoice_items_product_id_foreign` (`product_id`);

--
-- Indexes for table `sessions`
--
ALTER TABLE `sessions`
  ADD PRIMARY KEY (`id`),
  ADD KEY `sessions_user_id_index` (`user_id`),
  ADD KEY `sessions_last_activity_index` (`last_activity`);

--
-- Indexes for table `stock_movements`
--
ALTER TABLE `stock_movements`
  ADD PRIMARY KEY (`id`),
  ADD KEY `stock_movements_product_id_foreign` (`product_id`);

--
-- Indexes for table `suppliers`
--
ALTER TABLE `suppliers`
  ADD PRIMARY KEY (`id`);

--
-- Indexes for table `supplier_invoices`
--
ALTER TABLE `supplier_invoices`
  ADD PRIMARY KEY (`id`),
  ADD UNIQUE KEY `supplier_invoices_invoice_number_unique` (`invoice_number`),
  ADD KEY `supplier_invoices_supplier_id_foreign` (`supplier_id`);

--
-- Indexes for table `supplier_invoice_items`
--
ALTER TABLE `supplier_invoice_items`
  ADD PRIMARY KEY (`id`),
  ADD KEY `supplier_invoice_items_product_id_foreign` (`product_id`),
  ADD KEY `supplier_invoice_items_supplier_invoice_id_product_id_index` (`supplier_invoice_id`,`product_id`);

--
-- Indexes for table `supplier_wallets`
--
ALTER TABLE `supplier_wallets`
  ADD PRIMARY KEY (`id`),
  ADD KEY `supplier_wallets_supplier_id_foreign` (`supplier_id`),
  ADD KEY `supplier_wallets_supplier_invoice_id_foreign` (`supplier_invoice_id`);

--
-- Indexes for table `users`
--
ALTER TABLE `users`
  ADD PRIMARY KEY (`id`),
  ADD UNIQUE KEY `users_username_unique` (`username`);

--
-- AUTO_INCREMENT for dumped tables
--

--
-- AUTO_INCREMENT for table `customers`
--
ALTER TABLE `customers`
  MODIFY `id` bigint UNSIGNED NOT NULL AUTO_INCREMENT, AUTO_INCREMENT=23;

--
-- AUTO_INCREMENT for table `customer_wallets`
--
ALTER TABLE `customer_wallets`
  MODIFY `id` bigint UNSIGNED NOT NULL AUTO_INCREMENT;

--
-- AUTO_INCREMENT for table `failed_jobs`
--
ALTER TABLE `failed_jobs`
  MODIFY `id` bigint UNSIGNED NOT NULL AUTO_INCREMENT;

--
-- AUTO_INCREMENT for table `invoices`
--
ALTER TABLE `invoices`
  MODIFY `id` bigint UNSIGNED NOT NULL AUTO_INCREMENT, AUTO_INCREMENT=12;

--
-- AUTO_INCREMENT for table `invoice_items`
--
ALTER TABLE `invoice_items`
  MODIFY `id` bigint UNSIGNED NOT NULL AUTO_INCREMENT, AUTO_INCREMENT=38;

--
-- AUTO_INCREMENT for table `jobs`
--
ALTER TABLE `jobs`
  MODIFY `id` bigint UNSIGNED NOT NULL AUTO_INCREMENT;

--
-- AUTO_INCREMENT for table `migrations`
--
ALTER TABLE `migrations`
  MODIFY `id` int UNSIGNED NOT NULL AUTO_INCREMENT, AUTO_INCREMENT=17;

--
-- AUTO_INCREMENT for table `outsourced_productions`
--
ALTER TABLE `outsourced_productions`
  MODIFY `id` bigint UNSIGNED NOT NULL AUTO_INCREMENT;

--
-- AUTO_INCREMENT for table `products`
--
ALTER TABLE `products`
  MODIFY `id` bigint UNSIGNED NOT NULL AUTO_INCREMENT, AUTO_INCREMENT=182;

--
-- AUTO_INCREMENT for table `return_invoices`
--
ALTER TABLE `return_invoices`
  MODIFY `id` bigint UNSIGNED NOT NULL AUTO_INCREMENT;

--
-- AUTO_INCREMENT for table `return_invoice_items`
--
ALTER TABLE `return_invoice_items`
  MODIFY `id` bigint UNSIGNED NOT NULL AUTO_INCREMENT;

--
-- AUTO_INCREMENT for table `stock_movements`
--
ALTER TABLE `stock_movements`
  MODIFY `id` bigint UNSIGNED NOT NULL AUTO_INCREMENT, AUTO_INCREMENT=225;

--
-- AUTO_INCREMENT for table `suppliers`
--
ALTER TABLE `suppliers`
  MODIFY `id` bigint UNSIGNED NOT NULL AUTO_INCREMENT, AUTO_INCREMENT=18;

--
-- AUTO_INCREMENT for table `supplier_invoices`
--
ALTER TABLE `supplier_invoices`
  MODIFY `id` bigint UNSIGNED NOT NULL AUTO_INCREMENT, AUTO_INCREMENT=7;

--
-- AUTO_INCREMENT for table `supplier_invoice_items`
--
ALTER TABLE `supplier_invoice_items`
  MODIFY `id` bigint UNSIGNED NOT NULL AUTO_INCREMENT, AUTO_INCREMENT=12;

--
-- AUTO_INCREMENT for table `supplier_wallets`
--
ALTER TABLE `supplier_wallets`
  MODIFY `id` bigint UNSIGNED NOT NULL AUTO_INCREMENT;

--
-- AUTO_INCREMENT for table `users`
--
ALTER TABLE `users`
  MODIFY `id` bigint UNSIGNED NOT NULL AUTO_INCREMENT, AUTO_INCREMENT=3;

--
-- Constraints for dumped tables
--

--
-- Constraints for table `customer_wallets`
--
ALTER TABLE `customer_wallets`
  ADD CONSTRAINT `customer_wallets_customer_id_foreign` FOREIGN KEY (`customer_id`) REFERENCES `customers` (`id`) ON DELETE CASCADE,
  ADD CONSTRAINT `customer_wallets_invoice_id_foreign` FOREIGN KEY (`invoice_id`) REFERENCES `invoices` (`id`) ON DELETE SET NULL;

--
-- Constraints for table `invoices`
--
ALTER TABLE `invoices`
  ADD CONSTRAINT `invoices_customer_id_foreign` FOREIGN KEY (`customer_id`) REFERENCES `customers` (`id`) ON DELETE CASCADE;

--
-- Constraints for table `invoice_items`
--
ALTER TABLE `invoice_items`
  ADD CONSTRAINT `invoice_items_invoice_id_foreign` FOREIGN KEY (`invoice_id`) REFERENCES `invoices` (`id`) ON DELETE CASCADE,
  ADD CONSTRAINT `invoice_items_product_id_foreign` FOREIGN KEY (`product_id`) REFERENCES `products` (`id`) ON DELETE SET NULL;

--
-- Constraints for table `products`
--
ALTER TABLE `products`
  ADD CONSTRAINT `products_supplier_id_foreign` FOREIGN KEY (`supplier_id`) REFERENCES `suppliers` (`id`) ON DELETE SET NULL;

--
-- Constraints for table `return_invoices`
--
ALTER TABLE `return_invoices`
  ADD CONSTRAINT `return_invoices_customer_id_foreign` FOREIGN KEY (`customer_id`) REFERENCES `customers` (`id`) ON DELETE CASCADE,
  ADD CONSTRAINT `return_invoices_original_invoice_id_foreign` FOREIGN KEY (`original_invoice_id`) REFERENCES `invoices` (`id`) ON DELETE CASCADE;

--
-- Constraints for table `return_invoice_items`
--
ALTER TABLE `return_invoice_items`
  ADD CONSTRAINT `return_invoice_items_product_id_foreign` FOREIGN KEY (`product_id`) REFERENCES `products` (`id`) ON DELETE CASCADE,
  ADD CONSTRAINT `return_invoice_items_return_invoice_id_foreign` FOREIGN KEY (`return_invoice_id`) REFERENCES `return_invoices` (`id`) ON DELETE CASCADE;

--
-- Constraints for table `stock_movements`
--
ALTER TABLE `stock_movements`
  ADD CONSTRAINT `stock_movements_product_id_foreign` FOREIGN KEY (`product_id`) REFERENCES `products` (`id`) ON DELETE CASCADE;

--
-- Constraints for table `supplier_invoices`
--
ALTER TABLE `supplier_invoices`
  ADD CONSTRAINT `supplier_invoices_supplier_id_foreign` FOREIGN KEY (`supplier_id`) REFERENCES `suppliers` (`id`) ON DELETE CASCADE;

--
-- Constraints for table `supplier_invoice_items`
--
ALTER TABLE `supplier_invoice_items`
  ADD CONSTRAINT `supplier_invoice_items_product_id_foreign` FOREIGN KEY (`product_id`) REFERENCES `products` (`id`) ON DELETE SET NULL,
  ADD CONSTRAINT `supplier_invoice_items_supplier_invoice_id_foreign` FOREIGN KEY (`supplier_invoice_id`) REFERENCES `supplier_invoices` (`id`) ON DELETE CASCADE;

--
-- Constraints for table `supplier_wallets`
--
ALTER TABLE `supplier_wallets`
  ADD CONSTRAINT `supplier_wallets_supplier_id_foreign` FOREIGN KEY (`supplier_id`) REFERENCES `suppliers` (`id`) ON DELETE CASCADE,
  ADD CONSTRAINT `supplier_wallets_supplier_invoice_id_foreign` FOREIGN KEY (`supplier_invoice_id`) REFERENCES `supplier_invoices` (`id`) ON DELETE SET NULL;
COMMIT;

/*!40101 SET CHARACTER_SET_CLIENT=@OLD_CHARACTER_SET_CLIENT */;
/*!40101 SET CHARACTER_SET_RESULTS=@OLD_CHARACTER_SET_RESULTS */;
/*!40101 SET COLLATION_CONNECTION=@OLD_COLLATION_CONNECTION */;
